#node1,node2,node1_string_id,node2_string_id,neighborhood_on_chromosome,gene_fusion,phylogenetic_cooccurrence,homology,coexpression,experimentally_determined_interaction,database_annotated,automated_textmining,combined_score
ABL1,CBL,9606.ENSP00000361423,9606.ENSP00000264033,0,0,0,0,0,0.896,0.9,0,0.989
ABL1,RB1,9606.ENSP00000361423,9606.ENSP00000267163,0,0,0,0,0,0.736,0.9,0,0.972
ABL1,NTRK2,9606.ENSP00000361423,9606.ENSP00000277120,0,0,0,0.634,0,0,0.9,0,0.9
ABL1,ATM,9606.ENSP00000361423,9606.ENSP00000278616,0,0,0,0,0,0.82,0.75,0,0.953
ABL1,STAT5B,9606.ENSP00000361423,9606.ENSP00000293328,0,0,0,0,0,0.439,0.9,0,0.941
ABL1,BCR,9606.ENSP00000361423,9606.ENSP00000303507,0,0,0,0,0,0.737,0.9,0,0.972
ABL1,NTRK3,9606.ENSP00000361423,9606.ENSP00000354207,0,0,0,0.629,0,0,0.9,0,0.9
ABL1,NTRK1,9606.ENSP00000361423,9606.ENSP00000431418,0,0,0,0.642,0,0.51,0.9,0,0.948
ABL1,ABL2,9606.ENSP00000361423,9606.ENSP00000427562,0,0,0,0.936,0,0.531,0.9,0,0.951
ACVR2A,SMAD2,9606.ENSP00000241416,9606.ENSP00000262160,0,0,0,0,0,0.126,0.9,0,0.908
ACVR2A,SMAD3,9606.ENSP00000241416,9606.ENSP00000332973,0,0,0,0,0,0.126,0.9,0,0.908
ACVR2A,BMPR1A,9606.ENSP00000241416,9606.ENSP00000361107,0,0,0,0.789,0,0.869,0.9,0,0.986
AFF4,MLLT1,9606.ENSP00000265343,9606.ENSP00000252674,0,0,0,0,0,0.857,0.9,0,0.985
AFF4,ELL,9606.ENSP00000265343,9606.ENSP00000262809,0,0,0,0,0,0.849,0.9,0,0.984
AFF4,CDC73,9606.ENSP00000265343,9606.ENSP00000356405,0,0,0,0,0,0.09,0.9,0,0.905
AFF4,MLLT3,9606.ENSP00000265343,9606.ENSP00000369695,0,0,0,0,0,0.833,0.9,0,0.982
AKT2,MAPK1,9606.ENSP00000375892,9606.ENSP00000215832,0,0,0,0.592,0,0.11,0.9,0,0.907
AKT2,TSC2,9606.ENSP00000375892,9606.ENSP00000219476,0,0,0,0,0,0.072,0.9,0,0.903
AKT2,CDKN1B,9606.ENSP00000375892,9606.ENSP00000228872,0,0,0,0,0,0.047,0.9,0,0.9
AKT2,MDM2,9606.ENSP00000375892,9606.ENSP00000258149,0,0,0,0,0,0.05,0.9,0,0.9
AKT2,PIK3CA,9606.ENSP00000375892,9606.ENSP00000263967,0,0,0,0,0,0.098,0.9,0,0.905
AKT2,TP53,9606.ENSP00000375892,9606.ENSP00000269305,0,0,0,0,0,0,0.9,0,0.9
AKT2,TSC1,9606.ENSP00000375892,9606.ENSP00000298552,0,0,0,0,0,0.136,0.9,0,0.909
AKT2,HSP90AA1,9606.ENSP00000375892,9606.ENSP00000335153,0,0,0,0,0,0.223,0.9,0,0.919
AKT2,FOXO3,9606.ENSP00000375892,9606.ENSP00000339527,0,0,0,0,0,0.312,0.9,0,0.928
AKT2,MTOR,9606.ENSP00000375892,9606.ENSP00000354558,0,0,0,0,0,0.073,0.9,0,0.903
AKT2,MTCP1,9606.ENSP00000375892,9606.ENSP00000358488,0,0,0,0,0,0.23,0.9,0,0.919
AKT2,JUN,9606.ENSP00000375892,9606.ENSP00000360266,0,0,0,0,0,0.085,0.9,0,0.904
AKT2,HSP90AB1,9606.ENSP00000375892,9606.ENSP00000360609,0,0,0,0,0,0.224,0.9,0,0.919
AKT2,FOXO4,9606.ENSP00000375892,9606.ENSP00000363377,0,0,0,0,0,0.312,0.9,0,0.928
AKT2,FOXO1,9606.ENSP00000375892,9606.ENSP00000368880,0,0,0,0,0,0.312,0.9,0,0.928
AKT2,MAP2K4,9606.ENSP00000375892,9606.ENSP00000410402,0,0,0,0.594,0,0.105,0.9,0,0.906
AKT2,RAF1,9606.ENSP00000375892,9606.ENSP00000401888,0,0,0,0.586,0,0.045,0.9,0,0.9
AKT2,IKBKB,9606.ENSP00000375892,9606.ENSP00000430684,0,0,0,0.604,0,0,0.9,0,0.9
AKT2,BRCA1,9606.ENSP00000375892,9606.ENSP00000418960,0,0,0,0,0,0,0.9,0,0.9
AKT2,BCL2,9606.ENSP00000375892,9606.ENSP00000381185,0,0,0,0,0,0,0.9,0,0.9
AKT2,TCL1A,9606.ENSP00000375892,9606.ENSP00000451506,0,0,0,0,0,0.51,0.9,0,0.948
AKT2,PIK3R1,9606.ENSP00000375892,9606.ENSP00000428056,0,0,0,0,0,0.093,0.9,0,0.905
AKT2,PIK3CB,9606.ENSP00000375892,9606.ENSP00000501150,0,0,0,0,0,0.276,0.9,0,0.924
APC,TBL1XR1,9606.ENSP00000257430,9606.ENSP00000405574,0,0,0,0,0,0.06,0.9,0,0.901
APC,AXIN1,9606.ENSP00000257430,9606.ENSP00000262320,0,0,0,0,0,0.994,0.9,0,0.999
APC,CTNNB1,9606.ENSP00000257430,9606.ENSP00000495360,0,0,0,0,0,0.999,0.9,0,0.999
APC,AXIN2,9606.ENSP00000257430,9606.ENSP00000302625,0,0,0,0,0,0.567,0.9,0,0.954
ARID1B,PPARG,9606.ENSP00000490491,9606.ENSP00000287820,0,0,0,0,0,0.076,0.9,0,0.903
ARID1B,SMARCE1,9606.ENSP00000490491,9606.ENSP00000323967,0,0,0,0,0,0.927,0.9,0,0.992
ARID1B,SMARCB1,9606.ENSP00000490491,9606.ENSP00000340883,0,0,0,0,0,0.921,0.9,0,0.991
ARID1B,SMARCA4,9606.ENSP00000490491,9606.ENSP00000343896,0,0,0,0,0,0.944,0.9,0,0.994
ARID1B,BCL11B,9606.ENSP00000490491,9606.ENSP00000349723,0,0,0,0,0,0.053,0.9,0,0.901
ARID1B,SS18,9606.ENSP00000490491,9606.ENSP00000414516,0,0,0,0,0,0.874,0.9,0,0.986
ARID1B,BCL7A,9606.ENSP00000490491,9606.ENSP00000445868,0,0,0,0,0,0.835,0.9,0,0.982
ARID1B,BCL11A,9606.ENSP00000490491,9606.ENSP00000496168,0,0,0,0,0,0.053,0.9,0,0.901
ATM,MSH2,9606.ENSP00000278616,9606.ENSP00000233146,0,0,0,0,0,0.324,0.9,0,0.929
ATM,MSH6,9606.ENSP00000278616,9606.ENSP00000234420,0,0,0,0,0,0.324,0.9,0,0.929
ATM,MDM2,9606.ENSP00000278616,9606.ENSP00000258149,0,0,0,0,0,0.621,0.75,0,0.901
ATM,NBN,9606.ENSP00000278616,9606.ENSP00000265433,0,0,0,0,0,0.989,0.9,0,0.998
ATM,TP53,9606.ENSP00000278616,9606.ENSP00000269305,0,0,0,0,0,0.928,0.9,0,0.992
ATM,POLD1,9606.ENSP00000278616,9606.ENSP00000472445,0,0,0,0,0,0,0.9,0,0.9
ATM,CASP8,9606.ENSP00000278616,9606.ENSP00000351273,0,0,0,0,0,0,0.9,0,0.9
ATM,XPC,9606.ENSP00000278616,9606.ENSP00000285021,0,0,0,0,0,0.469,0.9,0,0.944
ATM,ERCC4,9606.ENSP00000278616,9606.ENSP00000310520,0,0,0,0,0,0,0.9,0,0.9
ATM,ERCC5,9606.ENSP00000278616,9606.ENSP00000498881,0,0,0,0,0,0.176,0.9,0,0.914
ATM,RAD50,9606.ENSP00000278616,9606.ENSP00000368100,0,0,0,0,0,0.73,0.9,0,0.971
ATM,BLM,9606.ENSP00000278616,9606.ENSP00000347232,0,0,0,0,0,0.726,0.8,0,0.942
ATM,BRCA1,9606.ENSP00000278616,9606.ENSP00000418960,0,0,0,0,0,0.847,0.9,0,0.984
ATM,CHEK2,9606.ENSP00000278616,9606.ENSP00000372023,0,0,0,0,0,0.836,0.5,0,0.914
ATM,ATR,9606.ENSP00000278616,9606.ENSP00000343741,0,0,0,0.564,0,0.974,0.9,0,0.997
ATR,TP53,9606.ENSP00000343741,9606.ENSP00000269305,0,0,0,0,0,0.838,0.9,0,0.983
ATR,FANCG,9606.ENSP00000343741,9606.ENSP00000367910,0,0,0,0,0,0,0.9,0,0.9
ATR,FANCA,9606.ENSP00000343741,9606.ENSP00000373952,0,0,0,0,0,0.292,0.9,0,0.926
ATR,BLM,9606.ENSP00000343741,9606.ENSP00000347232,0,0,0,0,0,0.826,0.5,0,0.909
ATR,BRCA1,9606.ENSP00000343741,9606.ENSP00000418960,0,0,0,0,0,0.838,0.9,0,0.983
ATR,CHEK2,9606.ENSP00000343741,9606.ENSP00000372023,0,0,0,0,0,0.97,0,0,0.97
AXIN1,CTNNB1,9606.ENSP00000262320,9606.ENSP00000495360,0,0,0,0,0,0.982,0.9,0,0.998
AXIN1,AXIN2,9606.ENSP00000262320,9606.ENSP00000302625,0,0,0,0.884,0,0.503,0.9,0,0.948
AXIN2,CTNNB1,9606.ENSP00000302625,9606.ENSP00000495360,0,0,0,0,0,0.869,0.9,0,0.986
BAP1,BARD1,9606.ENSP00000417132,9606.ENSP00000260947,0,0,0,0,0,0.07,0.9,0,0.903
BAP1,SUZ12,9606.ENSP00000417132,9606.ENSP00000316578,0,0,0,0,0,0,0.9,0,0.9
BAP1,EZH2,9606.ENSP00000417132,9606.ENSP00000320147,0,0,0,0,0,0,0.9,0,0.9
BARD1,H4C6,9606.ENSP00000260947,9606.ENSP00000244537,0,0,0,0,0,0.93,0.5,0,0.963
BARD1,BRIP1,9606.ENSP00000260947,9606.ENSP00000259008,0,0,0,0,0,0.994,0.54,0,0.997
BARD1,BCOR,9606.ENSP00000260947,9606.ENSP00000367705,0,0,0,0.56,0,0.065,0.9,0,0.902
BARD1,H3C12,9606.ENSP00000260947,9606.ENSP00000352252,0,0,0,0,0,0.908,0,0,0.908
BARD1,RAD50,9606.ENSP00000260947,9606.ENSP00000368100,0,0,0,0,0,0.994,0.54,0,0.997
BARD1,NBN,9606.ENSP00000260947,9606.ENSP00000265433,0,0,0,0,0,0.994,0.54,0,0.997
BARD1,BRCA2,9606.ENSP00000260947,9606.ENSP00000369497,0,0,0,0,0,0.793,0.72,0,0.939
BARD1,BRCA1,9606.ENSP00000260947,9606.ENSP00000418960,0,0,0,0.552,0,0.999,0.9,0,0.999
BCL11A,SMARCE1,9606.ENSP00000496168,9606.ENSP00000323967,0,0,0,0,0,0,0.9,0,0.9
BCL11A,SMARCB1,9606.ENSP00000496168,9606.ENSP00000340883,0,0,0,0,0,0.091,0.9,0,0.905
BCL11A,SMARCA4,9606.ENSP00000496168,9606.ENSP00000343896,0,0,0,0,0,0.076,0.9,0,0.903
BCL11A,BCL11B,9606.ENSP00000496168,9606.ENSP00000349723,0,0,0,0.958,0,0.624,0.9,0,0.96
BCL11A,SS18,9606.ENSP00000496168,9606.ENSP00000414516,0,0,0,0,0,0.058,0.9,0,0.901
BCL11A,BCL7A,9606.ENSP00000496168,9606.ENSP00000445868,0,0,0,0,0,0.045,0.9,0,0.9
BCL11B,SMARCE1,9606.ENSP00000349723,9606.ENSP00000323967,0,0,0,0,0,0,0.9,0,0.9
BCL11B,SMARCB1,9606.ENSP00000349723,9606.ENSP00000340883,0,0,0,0,0,0.091,0.9,0,0.905
BCL11B,SMARCA4,9606.ENSP00000349723,9606.ENSP00000343896,0,0,0,0,0,0.317,0.9,0,0.928
BCL11B,SS18,9606.ENSP00000349723,9606.ENSP00000414516,0,0,0,0,0,0.058,0.9,0,0.901
BCL11B,BCL7A,9606.ENSP00000349723,9606.ENSP00000445868,0,0,0,0,0,0.045,0.9,0,0.9
BCL2,MAPK1,9606.ENSP00000381185,9606.ENSP00000215832,0,0,0,0,0,0.292,0.9,0,0.926
BCL2,TP53,9606.ENSP00000381185,9606.ENSP00000269305,0,0,0,0,0,0.869,0.9,0,0.986
BCL2,PPP2R1A,9606.ENSP00000381185,9606.ENSP00000324804,0,0,0,0,0,0,0.9,0,0.9
BCL2,DDIT3,9606.ENSP00000381185,9606.ENSP00000448665,0,0,0,0,0,0,0.9,0,0.9
BCL7A,SMARCE1,9606.ENSP00000445868,9606.ENSP00000323967,0,0,0,0,0,0.835,0.9,0,0.982
BCL7A,SMARCB1,9606.ENSP00000445868,9606.ENSP00000340883,0,0,0,0,0,0.87,0.9,0,0.986
BCL7A,SMARCA4,9606.ENSP00000445868,9606.ENSP00000343896,0,0,0,0,0,0.878,0.9,0,0.987
BCL7A,PBRM1,9606.ENSP00000445868,9606.ENSP00000386593,0,0,0,0,0,0.707,0.72,0,0.914
BCL7A,SS18,9606.ENSP00000445868,9606.ENSP00000414516,0,0,0,0,0,0.835,0.9,0,0.982
BCL9L,CTNNB1,9606.ENSP00000335320,9606.ENSP00000495360,0,0,0,0,0,0.292,0.9,0,0.926
BCOR,BRCA1,9606.ENSP00000367705,9606.ENSP00000418960,0,0,0,0,0,0.065,0.9,0,0.902
BCOR,MLLT3,9606.ENSP00000367705,9606.ENSP00000369695,0,0,0,0,0,0.978,0,0,0.978
BCR,CBL,9606.ENSP00000303507,9606.ENSP00000264033,0,0,0,0,0,0.683,0.9,0,0.966
BCR,STAT5B,9606.ENSP00000303507,9606.ENSP00000293328,0,0,0,0,0,0,0.9,0,0.9
BLM,MLH1,9606.ENSP00000347232,9606.ENSP00000231790,0,0,0,0,0,0.996,0.5,0,0.998
BLM,TP53,9606.ENSP00000347232,9606.ENSP00000269305,0,0,0,0,0,0.844,0.4,0,0.902
BLM,RMI2,9606.ENSP00000347232,9606.ENSP00000310356,0,0,0,0,0,0.838,0.8,0,0.966
BLM,FANCA,9606.ENSP00000347232,9606.ENSP00000373952,0,0,0,0,0,0.994,0,0,0.994
BLM,FANCG,9606.ENSP00000347232,9606.ENSP00000367910,0,0,0,0,0,0.994,0,0,0.994
BMPR1A,SMAD2,9606.ENSP00000361107,9606.ENSP00000262160,0,0,0,0,0,0.126,0.9,0,0.908
BMPR1A,SMAD3,9606.ENSP00000361107,9606.ENSP00000332973,0,0,0,0,0,0.126,0.9,0,0.908
BMPR1A,IGLL5,9606.ENSP00000361107,9606.ENSP00000431254,0,0,0,0,0,0.904,0,0,0.904
BRCA1,MLH1,9606.ENSP00000418960,9606.ENSP00000231790,0,0,0,0,0,0.835,0.54,0,0.92
BRCA1,CDK4,9606.ENSP00000418960,9606.ENSP00000257904,0,0,0,0,0,0.625,0.8,0,0.921
BRCA1,BRIP1,9606.ENSP00000418960,9606.ENSP00000259008,0,0,0,0,0,0.999,0.9,0,0.999
BRCA1,PALB2,9606.ENSP00000418960,9606.ENSP00000261584,0,0,0,0,0,0.944,0.9,0,0.994
BRCA1,NBN,9606.ENSP00000418960,9606.ENSP00000265433,0,0,0,0,0,0.868,0.54,0,0.936
BRCA1,TP53,9606.ENSP00000418960,9606.ENSP00000269305,0,0,0,0,0,0.895,0.5,0,0.945
BRCA1,RAD50,9606.ENSP00000418960,9606.ENSP00000368100,0,0,0,0,0,0.994,0.54,0,0.997
BRCA1,BRCA2,9606.ENSP00000418960,9606.ENSP00000369497,0,0,0,0,0,0.896,0.9,0,0.989
BRCA1,CHEK2,9606.ENSP00000418960,9606.ENSP00000372023,0,0,0,0,0,0.842,0.5,0,0.917
BRCA1,ESR1,9606.ENSP00000418960,9606.ENSP00000405330,0,0,0,0,0,0.904,0,0,0.904
BRCA2,BRIP1,9606.ENSP00000369497,9606.ENSP00000259008,0,0,0,0,0,0.292,0.9,0,0.926
BRCA2,PALB2,9606.ENSP00000369497,9606.ENSP00000261584,0,0,0,0,0,0.997,0.9,0,0.999
BRCA2,FANCD2,9606.ENSP00000369497,9606.ENSP00000287647,0,0,0,0,0,0.842,0.9,0,0.983
BRIP1,MLH1,9606.ENSP00000259008,9606.ENSP00000231790,0,0,0,0,0,0.994,0.9,0,0.999
BRIP1,PMS2,9606.ENSP00000259008,9606.ENSP00000265849,0,0,0,0,0,0.821,0.9,0,0.981
BRIP1,PALB2,9606.ENSP00000259008,9606.ENSP00000261584,0,0,0,0,0,0.292,0.9,0,0.926
BRIP1,NBN,9606.ENSP00000259008,9606.ENSP00000265433,0,0,0,0,0,0.994,0.5,0,0.996
CALR,HLA-A,9606.ENSP00000320866,9606.ENSP00000379873,0,0,0,0,0,0.926,0.9,0,0.992
CARD11,MALT1,9606.ENSP00000380150,9606.ENSP00000497997,0,0,0,0,0,0.845,0.9,0,0.983
CASP8,TP53,9606.ENSP00000351273,9606.ENSP00000269305,0,0,0,0,0,0.292,0.9,0,0.926
CASP8,CYLD,9606.ENSP00000351273,9606.ENSP00000392025,0,0,0,0,0,0.304,0.9,0,0.927
CASP8,MALT1,9606.ENSP00000351273,9606.ENSP00000497997,0,0,0,0,0,0.292,0.9,0,0.926
CASP8,FAS,9606.ENSP00000351273,9606.ENSP00000498466,0,0,0,0,0,0.927,0.9,0,0.992
CBL,CBLC,9606.ENSP00000264033,9606.ENSP00000494162,0,0,0,0.925,0,0.091,0.9,0,0.905
CBL,CBLB,9606.ENSP00000264033,9606.ENSP00000499037,0,0,0,0.929,0,0.438,0.9,0,0.941
CBL,TGFBR2,9606.ENSP00000264033,9606.ENSP00000351905,0,0,0,0,0,0.555,0.9,0,0.953
CBL,LCK,9606.ENSP00000264033,9606.ENSP00000477713,0,0,0,0,0,0.848,0.5,0,0.921
CBL,SYK,9606.ENSP00000264033,9606.ENSP00000364898,0,0,0,0,0,0.927,0.5,0,0.962
CBL,MET,9606.ENSP00000264033,9606.ENSP00000317272,0,0,0,0,0,0.941,0.9,0,0.993
CBL,SRC,9606.ENSP00000264033,9606.ENSP00000362680,0,0,0,0,0,0.912,0.5,0,0.954
CBL,EGFR,9606.ENSP00000264033,9606.ENSP00000275493,0,0,0,0,0,0.996,0.9,0,0.999
CBL,PIK3R1,9606.ENSP00000264033,9606.ENSP00000428056,0,0,0,0,0,0.994,0.65,0,0.998
CBLB,PIK3CA,9606.ENSP00000499037,9606.ENSP00000263967,0,0,0,0,0,0.045,0.9,0,0.9
CBLB,EGFR,9606.ENSP00000499037,9606.ENSP00000275493,0,0,0,0,0,0.942,0.9,0,0.993
CBLB,SYK,9606.ENSP00000499037,9606.ENSP00000364898,0,0,0,0,0,0.555,0.9,0,0.953
CBLB,PIK3R1,9606.ENSP00000499037,9606.ENSP00000428056,0,0,0,0,0,0.749,0.9,0,0.973
CBLB,LCK,9606.ENSP00000499037,9606.ENSP00000477713,0,0,0,0,0,0.357,0.9,0,0.933
CBLB,CBLC,9606.ENSP00000499037,9606.ENSP00000494162,0,0,0,0.922,0,0.095,0.9,0,0.905
CBLB,PIK3CB,9606.ENSP00000499037,9606.ENSP00000501150,0,0,0,0,0,0.045,0.9,0,0.9
CBLC,EGFR,9606.ENSP00000494162,9606.ENSP00000275493,0,0,0,0,0,0.989,0.65,0,0.996
CBLC,SRC,9606.ENSP00000494162,9606.ENSP00000362680,0,0,0,0,0,0.973,0,0,0.973
CCND2,CDKN1B,9606.ENSP00000261254,9606.ENSP00000228872,0,0,0,0,0,0.994,0.9,0,0.999
CCND2,CDK4,9606.ENSP00000261254,9606.ENSP00000257904,0,0,0,0,0,0.995,0.9,0,0.999
CCND2,CCND3,9606.ENSP00000261254,9606.ENSP00000362082,0,0,0,0.96,0,0,0.9,0,0.9
CCND2,CDKN2C,9606.ENSP00000261254,9606.ENSP00000262662,0,0,0,0,0,0.175,0.9,0,0.913
CCND2,RB1,9606.ENSP00000261254,9606.ENSP00000267163,0,0,0,0,0,0.767,0.9,0,0.975
CCND2,CDKN2A,9606.ENSP00000261254,9606.ENSP00000418915,0,0,0,0,0,0.609,0.9,0,0.959
CCND2,CDK6,9606.ENSP00000261254,9606.ENSP00000265734,0,0,0,0,0,0.995,0.9,0,0.999
CCND3,CDKN1B,9606.ENSP00000362082,9606.ENSP00000228872,0,0,0,0,0,0.994,0.9,0,0.999
CCND3,CDK4,9606.ENSP00000362082,9606.ENSP00000257904,0,0,0,0,0,0.999,0.9,0,0.999
CCND3,CDKN2C,9606.ENSP00000362082,9606.ENSP00000262662,0,0,0,0,0,0.784,0.9,0,0.977
CCND3,CDK6,9606.ENSP00000362082,9606.ENSP00000265734,0,0,0,0,0,0.995,0.9,0,0.999
CCND3,RB1,9606.ENSP00000362082,9606.ENSP00000267163,0,0,0,0,0,0.667,0.9,0,0.965
CCND3,CDKN2A,9606.ENSP00000362082,9606.ENSP00000418915,0,0,0,0,0,0,0.9,0,0.9
CDC73,MLLT1,9606.ENSP00000356405,9606.ENSP00000252674,0,0,0,0,0,0.334,0.9,0,0.93
CDC73,ELL,9606.ENSP00000356405,9606.ENSP00000262809,0,0,0,0,0,0,0.9,0,0.9
CDC73,MLLT3,9606.ENSP00000356405,9606.ENSP00000369695,0,0,0,0,0,0.334,0.9,0,0.93
CDK4,CDKN1B,9606.ENSP00000257904,9606.ENSP00000228872,0,0,0,0,0,0.999,0.9,0,0.999
CDK4,CEBPA,9606.ENSP00000257904,9606.ENSP00000427514,0,0,0,0,0,0.646,0.9,0,0.963
CDK4,RB1,9606.ENSP00000257904,9606.ENSP00000267163,0,0,0,0,0,0.994,0.9,0,0.999
CDK4,CDKN2A,9606.ENSP00000257904,9606.ENSP00000418915,0,0,0,0,0,0.994,0.9,0,0.999
CDK4,CDKN2C,9606.ENSP00000257904,9606.ENSP00000262662,0,0,0,0,0,0.994,0.9,0,0.999
CDK4,CDK6,9606.ENSP00000257904,9606.ENSP00000265734,0,0,0,0.97,0,0.72,0.9,0,0.97
CDK4,HSP90AB1,9606.ENSP00000257904,9606.ENSP00000360609,0,0,0,0,0,0.962,0,0,0.962
CDK6,CDKN1B,9606.ENSP00000265734,9606.ENSP00000228872,0,0,0,0,0,0.994,0.9,0,0.999
CDK6,CDKN2C,9606.ENSP00000265734,9606.ENSP00000262662,0,0,0,0,0,0.999,0.9,0,0.999
CDK6,RB1,9606.ENSP00000265734,9606.ENSP00000267163,0,0,0,0,0,0.871,0.9,0,0.986
CDK6,CDKN2A,9606.ENSP00000265734,9606.ENSP00000418915,0,0,0,0,0,0.999,0.9,0,0.999
CDKN1B,DDB2,9606.ENSP00000228872,9606.ENSP00000256996,0,0,0,0,0,0,0.9,0,0.9
CDKN1B,XPO1,9606.ENSP00000228872,9606.ENSP00000384863,0,0,0,0,0,0.735,0.75,0,0.93
CDKN1B,TP53,9606.ENSP00000228872,9606.ENSP00000269305,0,0,0,0,0,0.076,0.9,0,0.903
CDKN2A,KRAS,9606.ENSP00000418915,9606.ENSP00000256078,0,0,0,0,0,0.102,0.9,0,0.906
CDKN2A,RRAS2,9606.ENSP00000418915,9606.ENSP00000256196,0,0,0,0,0,0.102,0.9,0,0.906
CDKN2A,MDM2,9606.ENSP00000418915,9606.ENSP00000258149,0,0,0,0,0,0.992,0.9,0,0.999
CDKN2A,TP53,9606.ENSP00000418915,9606.ENSP00000269305,0,0,0,0,0,0.874,0.9,0,0.986
CDKN2A,NRAS,9606.ENSP00000418915,9606.ENSP00000358548,0,0,0,0,0,0.102,0.9,0,0.906
CDKN2A,HRAS,9606.ENSP00000418915,9606.ENSP00000407586,0,0,0,0,0,0.16,0.9,0,0.912
CDKN2A,MYC,9606.ENSP00000418915,9606.ENSP00000478887,0,0,0,0,0,0.783,0.9,0,0.977
CDKN2C,TP53,9606.ENSP00000262662,9606.ENSP00000269305,0,0,0,0,0,0.046,0.9,0,0.9
CEBPA,FLT3,9606.ENSP00000427514,9606.ENSP00000241453,0,0,0,0,0,0.046,0.9,0,0.9
CEBPA,RUNX1,9606.ENSP00000427514,9606.ENSP00000300305,0,0,0,0,0,0.328,0.9,0,0.93
CEBPA,RUNX1T1,9606.ENSP00000427514,9606.ENSP00000402257,0,0,0,0,0,0.067,0.9,0,0.902
CHEK2,MDM2,9606.ENSP00000372023,9606.ENSP00000258149,0,0,0,0,0,0.625,0.75,0,0.902
CHEK2,TP53,9606.ENSP00000372023,9606.ENSP00000269305,0,0,0,0,0,0.833,0.75,0,0.956
CREB1,MAPK1,9606.ENSP00000387699,9606.ENSP00000215832,0,0,0,0,0,0,0.9,0,0.9
CREB1,CREBBP,9606.ENSP00000387699,9606.ENSP00000262367,0,0,0,0,0,0.996,0.9,0,0.999
CREB1,EP300,9606.ENSP00000387699,9606.ENSP00000263253,0,0,0,0,0,0.875,0.9,0,0.987
CREB1,PRKACA,9606.ENSP00000387699,9606.ENSP00000309591,0,0,0,0,0,0.51,0.9,0,0.948
CREB1,CREB3L2,9606.ENSP00000387699,9606.ENSP00000329140,0,0,0,0.579,0,0.101,0.9,0,0.906
CREB1,CRTC1,9606.ENSP00000387699,9606.ENSP00000345001,0,0,0,0,0,0.44,0.9,0,0.941
CREB1,KMT2A,9606.ENSP00000387699,9606.ENSP00000436786,0,0,0,0,0,0.9,0,0,0.9
CREB1,CREB3L1,9606.ENSP00000387699,9606.ENSP00000481956,0,0,0,0.59,0,0.101,0.9,0,0.906
CREB3L1,MAPK1,9606.ENSP00000481956,9606.ENSP00000215832,0,0,0,0,0,0,0.9,0,0.9
CREB3L1,CREBBP,9606.ENSP00000481956,9606.ENSP00000262367,0,0,0,0,0,0.073,0.9,0,0.903
CREB3L1,EP300,9606.ENSP00000481956,9606.ENSP00000263253,0,0,0,0,0,0.073,0.9,0,0.903
CREB3L1,CREB3L2,9606.ENSP00000481956,9606.ENSP00000329140,0,0,0,0.872,0,0.514,0.9,0,0.949
CREB3L2,MAPK1,9606.ENSP00000329140,9606.ENSP00000215832,0,0,0,0,0,0,0.9,0,0.9
CREB3L2,CREBBP,9606.ENSP00000329140,9606.ENSP00000262367,0,0,0,0,0,0.073,0.9,0,0.903
CREB3L2,EP300,9606.ENSP00000329140,9606.ENSP00000263253,0,0,0,0,0,0.073,0.9,0,0.903
CREBBP,H4C6,9606.ENSP00000262367,9606.ENSP00000244537,0,0,0,0,0,0.986,0.5,0,0.992
CREBBP,H3-3B,9606.ENSP00000262367,9606.ENSP00000254810,0,0,0,0,0,0.902,0.5,0,0.949
CREBBP,TCF12,9606.ENSP00000262367,9606.ENSP00000388940,0,0,0,0,0,0.927,0,0,0.927
CREBBP,LEF1,9606.ENSP00000262367,9606.ENSP00000265165,0,0,0,0,0,0.125,0.9,0,0.908
CREBBP,TCF7L2,9606.ENSP00000262367,9606.ENSP00000486891,0,0,0,0,0,0.125,0.9,0,0.908
CREBBP,FOXO4,9606.ENSP00000262367,9606.ENSP00000363377,0,0,0,0,0,0.68,0.9,0,0.966
CREBBP,H3C12,9606.ENSP00000262367,9606.ENSP00000352252,0,0,0,0,0,0.902,0.5,0,0.949
CREBBP,EPAS1,9606.ENSP00000262367,9606.ENSP00000263734,0,0,0,0,0,0.4,0.9,0,0.937
CREBBP,ESR1,9606.ENSP00000262367,9606.ENSP00000405330,0,0,0,0,0,0.844,0.5,0,0.919
CREBBP,FOXO1,9606.ENSP00000262367,9606.ENSP00000368880,0,0,0,0,0,0.81,0.9,0,0.98
CREBBP,FOXO3,9606.ENSP00000262367,9606.ENSP00000339527,0,0,0,0,0,0.971,0.5,0,0.985
CREBBP,KMT2A,9606.ENSP00000262367,9606.ENSP00000436786,0,0,0,0,0,0.981,0,0,0.981
CREBBP,NCOA2,9606.ENSP00000262367,9606.ENSP00000399968,0,0,0,0,0,0.796,0.8,0,0.957
CREBBP,PPARG,9606.ENSP00000262367,9606.ENSP00000287820,0,0,0,0,0,0.982,0.5,0,0.991
CREBBP,MYB,9606.ENSP00000262367,9606.ENSP00000339992,0,0,0,0,0,0.984,0,0,0.984
CREBBP,CTNNB1,9606.ENSP00000262367,9606.ENSP00000495360,0,0,0,0,0,0.886,0.9,0,0.988
CREBBP,NCOA1,9606.ENSP00000262367,9606.ENSP00000385216,0,0,0,0,0,0.984,0.8,0,0.996
CREBBP,HIF1A,9606.ENSP00000262367,9606.ENSP00000437955,0,0,0,0,0,0.991,0.9,0,0.999
CREBBP,TP53,9606.ENSP00000262367,9606.ENSP00000269305,0,0,0,0,0,0.998,0.9,0,0.999
CREBBP,EP300,9606.ENSP00000262367,9606.ENSP00000263253,0,0,0,0.956,0,0.782,0.9,0,0.977
CRTC1,CRTC3,9606.ENSP00000345001,9606.ENSP00000268184,0,0,0,0.739,0,0,0.9,0,0.9
CTNNB1,POU5F1,9606.ENSP00000495360,9606.ENSP00000259915,0,0,0,0,0,0.525,0.8,0,0.901
CTNNB1,TCF3,9606.ENSP00000495360,9606.ENSP00000262965,0,0,0,0,0,0.115,0.9,0,0.907
CTNNB1,EP300,9606.ENSP00000495360,9606.ENSP00000263253,0,0,0,0,0,0.899,0.9,0,0.989
CTNNB1,LEF1,9606.ENSP00000495360,9606.ENSP00000265165,0,0,0,0,0,0.996,0.9,0,0.999
CTNNB1,ERBB2,9606.ENSP00000495360,9606.ENSP00000269571,0,0,0,0,0,0.662,0.9,0,0.964
CTNNB1,EGFR,9606.ENSP00000495360,9606.ENSP00000275493,0,0,0,0,0,0.718,0.9,0,0.97
CTNNB1,TERT,9606.ENSP00000495360,9606.ENSP00000309572,0,0,0,0,0,0.301,0.9,0,0.927
CTNNB1,PRKACA,9606.ENSP00000495360,9606.ENSP00000309591,0,0,0,0,0,0,0.9,0,0.9
CTNNB1,MET,9606.ENSP00000495360,9606.ENSP00000317272,0,0,0,0,0,0.364,0.9,0,0.933
CTNNB1,SMAD3,9606.ENSP00000495360,9606.ENSP00000332973,0,0,0,0,0,0.768,0.8,0,0.951
CTNNB1,PTPRB,9606.ENSP00000495360,9606.ENSP00000334928,0,0,0,0,0,0.168,0.9,0,0.913
CTNNB1,MEN1,9606.ENSP00000495360,9606.ENSP00000337088,0,0,0,0,0,0.625,0.8,0,0.921
CTNNB1,SRC,9606.ENSP00000495360,9606.ENSP00000362680,0,0,0,0,0,0.539,0.9,0,0.951
CTNNB1,TBL1XR1,9606.ENSP00000495360,9606.ENSP00000405574,0,0,0,0,0,0.515,0.9,0,0.949
CTNNB1,TCF7L2,9606.ENSP00000495360,9606.ENSP00000486891,0,0,0,0,0,0.997,0.9,0,0.999
CXCR4,GNA11,9606.ENSP00000386884,9606.ENSP00000078429,0,0,0,0,0,0.115,0.9,0,0.907
CXCR4,GNAQ,9606.ENSP00000386884,9606.ENSP00000286548,0,0,0,0,0,0.115,0.9,0,0.907
DAXX,H4C6,9606.ENSP00000266000,9606.ENSP00000244537,0,0,0,0,0,0.984,0.5,0,0.992
DAXX,H3-3B,9606.ENSP00000266000,9606.ENSP00000254810,0,0,0,0,0,0.991,0.5,0,0.995
DAXX,MDM2,9606.ENSP00000266000,9606.ENSP00000258149,0,0,0,0,0,0.842,0.5,0,0.917
DAXX,TGFBR2,9606.ENSP00000266000,9606.ENSP00000351905,0,0,0,0,0,0.334,0.9,0,0.93
DAXX,TP53,9606.ENSP00000266000,9606.ENSP00000269305,0,0,0,0,0,0.895,0.9,0,0.989
DAXX,FAS,9606.ENSP00000266000,9606.ENSP00000498466,0,0,0,0,0,0.859,0.9,0,0.985
DAXX,PML,9606.ENSP00000266000,9606.ENSP00000268058,0,0,0,0,0,0.925,0.9,0,0.992
DDB2,H4C6,9606.ENSP00000256996,9606.ENSP00000244537,0,0,0,0,0,0.905,0,0,0.905
DDB2,H3C12,9606.ENSP00000256996,9606.ENSP00000352252,0,0,0,0,0,0.905,0,0,0.905
DDB2,TP53,9606.ENSP00000256996,9606.ENSP00000269305,0,0,0,0,0,0.095,0.9,0,0.905
DDB2,XPC,9606.ENSP00000256996,9606.ENSP00000285021,0,0,0,0,0,0.824,0.5,0,0.908
DDIT3,NFE2L2,9606.ENSP00000448665,9606.ENSP00000380252,0,0,0,0,0,0.341,0.9,0,0.931
EGFR,PLCG1,9606.ENSP00000275493,9606.ENSP00000244007,0,0,0,0,0,0.898,0.9,0,0.989
EGFR,KRAS,9606.ENSP00000275493,9606.ENSP00000256078,0,0,0,0,0,0.662,0.9,0,0.964
EGFR,PDGFRA,9606.ENSP00000275493,9606.ENSP00000257290,0,0,0,0.566,0,0.663,0.9,0,0.964
EGFR,PDGFRB,9606.ENSP00000275493,9606.ENSP00000261799,0,0,0,0.565,0,0.558,0.9,0,0.953
EGFR,PIK3CA,9606.ENSP00000275493,9606.ENSP00000263967,0,0,0,0,0,0.79,0.9,0,0.978
EGFR,STAT3,9606.ENSP00000275493,9606.ENSP00000264657,0,0,0,0,0,0.925,0,0,0.925
EGFR,ERBB3,9606.ENSP00000275493,9606.ENSP00000267101,0,0,0,0.91,0,0.986,0.8,0,0.997
EGFR,ERBB2,9606.ENSP00000275493,9606.ENSP00000269571,0,0,0,0.939,0,0.998,0.9,0,0.999
EGFR,IGLL5,9606.ENSP00000275493,9606.ENSP00000431254,0,0,0,0,0,0.908,0,0,0.908
EGFR,LOC102723407,9606.ENSP00000275493,9606.ENSP00000478289,0,0,0,0,0,0.9,0,0,0.9
EGFR,JAK3,9606.ENSP00000275493,9606.ENSP00000432511,0,0,0,0.583,0,0.161,0.9,0,0.912
EGFR,PDGFB,9606.ENSP00000275493,9606.ENSP00000330382,0,0,0,0,0,0,0.9,0,0.9
EGFR,JAK1,9606.ENSP00000275493,9606.ENSP00000499900,0,0,0,0.572,0,0.417,0.9,0,0.939
EGFR,JAK2,9606.ENSP00000275493,9606.ENSP00000371067,0,0,0,0.576,0,0.723,0.9,0,0.971
EGFR,NRAS,9606.ENSP00000275493,9606.ENSP00000358548,0,0,0,0,0,0.249,0.9,0,0.921
EGFR,PIK3CB,9606.ENSP00000275493,9606.ENSP00000501150,0,0,0,0,0,0.622,0.9,0,0.96
EGFR,EPS15,9606.ENSP00000275493,9606.ENSP00000360798,0,0,0,0,0,0.841,0.65,0,0.942
EGFR,HRAS,9606.ENSP00000275493,9606.ENSP00000407586,0,0,0,0,0,0.315,0.9,0,0.928
EGFR,USP8,9606.ENSP00000275493,9606.ENSP00000379721,0,0,0,0,0,0.824,0.9,0,0.981
EGFR,STAT5B,9606.ENSP00000275493,9606.ENSP00000293328,0,0,0,0,0,0.787,0.9,0,0.977
EGFR,PIK3R1,9606.ENSP00000275493,9606.ENSP00000428056,0,0,0,0,0,0.9,0.9,0,0.989
EGFR,PTPN11,9606.ENSP00000275493,9606.ENSP00000489597,0,0,0,0,0,0.995,0.9,0,0.999
EGFR,NRG1,9606.ENSP00000275493,9606.ENSP00000287842,0,0,0,0,0,0.79,0.9,0,0.978
EGFR,HSP90AA1,9606.ENSP00000275493,9606.ENSP00000335153,0,0,0,0,0,0.854,0.5,0,0.924
EGFR,SRC,9606.ENSP00000275493,9606.ENSP00000362680,0,0,0,0.665,0,0.928,0.9,0,0.992
ELL,MLLT1,9606.ENSP00000262809,9606.ENSP00000252674,0,0,0,0,0,0.685,0.9,0,0.967
ELL,MLLT3,9606.ENSP00000262809,9606.ENSP00000369695,0,0,0,0,0,0.748,0.9,0,0.973
EML4,PLCG1,9606.ENSP00000320663,9606.ENSP00000244007,0,0,0,0,0,0,0.9,0,0.9
EML4,KRAS,9606.ENSP00000320663,9606.ENSP00000256078,0,0,0,0,0,0.098,0.9,0,0.905
EML4,PIK3CA,9606.ENSP00000320663,9606.ENSP00000263967,0,0,0,0,0,0.072,0.9,0,0.903
EML4,PIK3CB,9606.ENSP00000320663,9606.ENSP00000501150,0,0,0,0,0,0.072,0.9,0,0.903
EML4,PIK3R1,9606.ENSP00000320663,9606.ENSP00000428056,0,0,0,0,0,0,0.9,0,0.9
EML4,JAK1,9606.ENSP00000320663,9606.ENSP00000499900,0,0,0,0,0,0.067,0.9,0,0.902
EML4,JAK3,9606.ENSP00000320663,9606.ENSP00000432511,0,0,0,0,0,0.067,0.9,0,0.902
EML4,JAK2,9606.ENSP00000320663,9606.ENSP00000371067,0,0,0,0,0,0.067,0.9,0,0.902
EML4,HRAS,9606.ENSP00000320663,9606.ENSP00000407586,0,0,0,0,0,0.098,0.9,0,0.905
EML4,NRAS,9606.ENSP00000320663,9606.ENSP00000358548,0,0,0,0,0,0.098,0.9,0,0.905
EP300,H4C6,9606.ENSP00000263253,9606.ENSP00000244537,0,0,0,0,0,0.999,0.5,0,0.999
EP300,TCF7L2,9606.ENSP00000263253,9606.ENSP00000486891,0,0,0,0,0,0.354,0.9,0,0.932
EP300,LEF1,9606.ENSP00000263253,9606.ENSP00000265165,0,0,0,0,0,0.354,0.9,0,0.932
EP300,FOXO4,9606.ENSP00000263253,9606.ENSP00000363377,0,0,0,0,0,0.183,0.9,0,0.914
EP300,FOXO1,9606.ENSP00000263253,9606.ENSP00000368880,0,0,0,0,0,0.809,0.5,0,0.9
EP300,SMAD4,9606.ENSP00000263253,9606.ENSP00000341551,0,0,0,0,0,0.826,0.5,0,0.909
EP300,ESR1,9606.ENSP00000263253,9606.ENSP00000405330,0,0,0,0,0,0.926,0.5,0,0.961
EP300,PPARG,9606.ENSP00000263253,9606.ENSP00000287820,0,0,0,0,0,0.86,0.5,0,0.927
EP300,EPAS1,9606.ENSP00000263253,9606.ENSP00000263734,0,0,0,0,0,0.69,0.9,0,0.967
EP300,NCOA2,9606.ENSP00000263253,9606.ENSP00000399968,0,0,0,0,0,0.641,0.8,0,0.925
EP300,STAT3,9606.ENSP00000263253,9606.ENSP00000264657,0,0,0,0,0,0.856,0.75,0,0.962
EP300,TP53,9606.ENSP00000263253,9606.ENSP00000269305,0,0,0,0,0,0.999,0.9,0,0.999
EP300,JUN,9606.ENSP00000263253,9606.ENSP00000360266,0,0,0,0,0,0.885,0.5,0,0.94
EP300,HIF1A,9606.ENSP00000263253,9606.ENSP00000437955,0,0,0,0,0,0.999,0.9,0,0.999
EP300,SMAD3,9606.ENSP00000263253,9606.ENSP00000332973,0,0,0,0,0,0.926,0.5,0,0.961
EP300,NCOA1,9606.ENSP00000263253,9606.ENSP00000385216,0,0,0,0,0,0.792,0.8,0,0.956
EPAS1,VHL,9606.ENSP00000263734,9606.ENSP00000256474,0,0,0,0,0,0.993,0.9,0,0.999
EPAS1,HIF1A,9606.ENSP00000263734,9606.ENSP00000437955,0,0,0,0.9,0,0.331,0.9,0,0.93
ERBB2,PLCG1,9606.ENSP00000269571,9606.ENSP00000244007,0,0,0,0,0,0.695,0.9,0,0.968
ERBB2,PIK3CA,9606.ENSP00000269571,9606.ENSP00000263967,0,0,0,0,0,0.115,0.9,0,0.907
ERBB2,ERBB3,9606.ENSP00000269571,9606.ENSP00000267101,0,0,0,0.893,0,0.997,0.9,0,0.999
ERBB2,JAK3,9606.ENSP00000269571,9606.ENSP00000432511,0,0,0,0.583,0,0.091,0.9,0,0.905
ERBB2,JAK1,9606.ENSP00000269571,9606.ENSP00000499900,0,0,0,0.57,0,0.253,0.9,0,0.922
ERBB2,JAK2,9606.ENSP00000269571,9606.ENSP00000371067,0,0,0,0.573,0,0.328,0.9,0,0.93
ERBB2,PIK3CB,9606.ENSP00000269571,9606.ENSP00000501150,0,0,0,0,0,0.162,0.9,0,0.912
ERBB2,PIK3R1,9606.ENSP00000269571,9606.ENSP00000428056,0,0,0,0,0,0.84,0.9,0,0.983
ERBB2,ERBB4,9606.ENSP00000269571,9606.ENSP00000342235,0,0,0,0.927,0,0.85,0.9,0,0.984
ERBB2,NRG1,9606.ENSP00000269571,9606.ENSP00000287842,0,0,0,0,0,0.898,0.9,0,0.989
ERBB2,SRC,9606.ENSP00000269571,9606.ENSP00000362680,0,0,0,0.68,0,0.85,0.9,0,0.984
ERBB2,HSP90AA1,9606.ENSP00000269571,9606.ENSP00000335153,0,0,0,0,0,0.898,0.5,0,0.946
ERBB3,HGF,9606.ENSP00000267101,9606.ENSP00000222390,0,0,0,0,0,0,0.9,0,0.9
ERBB3,PLCG1,9606.ENSP00000267101,9606.ENSP00000244007,0,0,0,0,0,0.384,0.9,0,0.935
ERBB3,PIK3CA,9606.ENSP00000267101,9606.ENSP00000263967,0,0,0,0,0,0.597,0.9,0,0.957
ERBB3,IGLL5,9606.ENSP00000267101,9606.ENSP00000431254,0,0,0,0,0,0.902,0,0,0.902
ERBB3,JAK1,9606.ENSP00000267101,9606.ENSP00000499900,0,0,0,0.569,0,0.091,0.9,0,0.905
ERBB3,JAK2,9606.ENSP00000267101,9606.ENSP00000371067,0,0,0,0.572,0,0.253,0.9,0,0.922
ERBB3,PIK3CB,9606.ENSP00000267101,9606.ENSP00000501150,0,0,0,0,0,0.163,0.9,0,0.912
ERBB3,SRC,9606.ENSP00000267101,9606.ENSP00000362680,0,0,0,0.648,0,0.389,0.9,0,0.936
ERBB3,MET,9606.ENSP00000267101,9606.ENSP00000317272,0,0,0,0.566,0,0.536,0.9,0,0.951
ERBB3,PIK3R1,9606.ENSP00000267101,9606.ENSP00000428056,0,0,0,0,0,0.923,0.9,0,0.992
ERBB3,ERBB4,9606.ENSP00000267101,9606.ENSP00000342235,0,0,0,0.929,0,0.622,0.9,0,0.96
ERBB3,NRG1,9606.ENSP00000267101,9606.ENSP00000287842,0,0,0,0,0,0.992,0.9,0,0.999
ERBB4,PLCG1,9606.ENSP00000342235,9606.ENSP00000244007,0,0,0,0,0,0.224,0.9,0,0.919
ERBB4,PIK3CA,9606.ENSP00000342235,9606.ENSP00000263967,0,0,0,0,0,0,0.9,0,0.9
ERBB4,NRG1,9606.ENSP00000342235,9606.ENSP00000287842,0,0,0,0,0,0.978,0.9,0,0.997
ERBB4,STAT5B,9606.ENSP00000342235,9606.ENSP00000293328,0,0,0,0,0,0.628,0.9,0,0.961
ERBB4,PIK3CB,9606.ENSP00000342235,9606.ENSP00000501150,0,0,0,0,0,0,0.9,0,0.9
ERBB4,PIK3R1,9606.ENSP00000342235,9606.ENSP00000428056,0,0,0,0,0,0.194,0.9,0,0.916
ERCC3,TCEA1,9606.ENSP00000285398,9606.ENSP00000428426,0,0,0,0,0,0.623,0.9,0,0.96
ERCC3,XPA,9606.ENSP00000285398,9606.ENSP00000364270,0,0,0,0,0,0.9,0.54,0,0.952
ERCC3,ERCC5,9606.ENSP00000285398,9606.ENSP00000498881,0,0,0,0,0,0.994,0.54,0,0.997
ERCC4,MSH2,9606.ENSP00000310520,9606.ENSP00000233146,0,0,0,0,0,0.59,0.9,0,0.957
ERCC4,MSH6,9606.ENSP00000310520,9606.ENSP00000234420,0,0,0,0,0,0.176,0.9,0,0.914
ERCC4,XPC,9606.ENSP00000310520,9606.ENSP00000285021,0,0,0,0,0,0.228,0.9,0,0.919
ERCC4,POLD1,9606.ENSP00000310520,9606.ENSP00000472445,0,0,0,0,0,0.241,0.9,0,0.92
ERCC4,ERCC5,9606.ENSP00000310520,9606.ENSP00000498881,0,0,0,0,0,0.301,0.9,0,0.927
ERCC4,XPA,9606.ENSP00000310520,9606.ENSP00000364270,0,0,0,0,0,0.907,0.54,0,0.955
ERCC5,MSH2,9606.ENSP00000498881,9606.ENSP00000233146,0,0,0,0,0,0.191,0.9,0,0.915
ERCC5,MSH6,9606.ENSP00000498881,9606.ENSP00000234420,0,0,0,0,0,0.191,0.9,0,0.915
ERCC5,XPC,9606.ENSP00000498881,9606.ENSP00000285021,0,0,0,0,0,0,0.9,0,0.9
ERCC5,POLD1,9606.ENSP00000498881,9606.ENSP00000472445,0,0,0,0,0,0.31,0.9,0,0.928
ESR1,MAPK1,9606.ENSP00000405330,9606.ENSP00000215832,0,0,0,0,0,0.625,0.9,0,0.96
ESR1,NCOR1,9606.ENSP00000405330,9606.ENSP00000268712,0,0,0,0,0,0.799,0.9,0,0.979
ESR1,PRKACA,9606.ENSP00000405330,9606.ENSP00000309591,0,0,0,0,0,0,0.9,0,0.9
ESR1,HSP90AA1,9606.ENSP00000405330,9606.ENSP00000335153,0,0,0,0,0,0.889,0.5,0,0.942
ESR1,JUN,9606.ENSP00000405330,9606.ENSP00000360266,0,0,0,0,0,0.631,0.9,0,0.961
ESR1,SRC,9606.ENSP00000405330,9606.ENSP00000362680,0,0,0,0,0,0.925,0.9,0,0.992
ESR1,NCOA1,9606.ENSP00000405330,9606.ENSP00000385216,0,0,0,0,0,0.997,0.8,0,0.999
ESR1,NCOA2,9606.ENSP00000405330,9606.ENSP00000399968,0,0,0,0,0,0.992,0.8,0,0.998
EZH2,H4C6,9606.ENSP00000320147,9606.ENSP00000244537,0,0,0,0,0,0.908,0.5,0,0.952
EZH2,SUZ12,9606.ENSP00000320147,9606.ENSP00000316578,0,0,0,0,0,0.999,0.9,0,0.999
FANCA,FANCE,9606.ENSP00000373952,9606.ENSP00000229769,0,0,0,0,0,0.998,0.9,0,0.999
FANCA,FANCD2,9606.ENSP00000373952,9606.ENSP00000287647,0,0,0,0,0,0.912,0.9,0,0.99
FANCA,FANCC,9606.ENSP00000373952,9606.ENSP00000289081,0,0,0,0,0,0.998,0.9,0,0.999
FANCA,RMI2,9606.ENSP00000373952,9606.ENSP00000310356,0,0,0,0,0,0.994,0,0,0.994
FANCA,FANCF,9606.ENSP00000373952,9606.ENSP00000330875,0,0,0,0,0,0.998,0.9,0,0.999
FANCA,FANCG,9606.ENSP00000373952,9606.ENSP00000367910,0,0,0,0,0,0.998,0.9,0,0.999
FANCC,FANCE,9606.ENSP00000289081,9606.ENSP00000229769,0,0,0,0,0,0.998,0.9,0,0.999
FANCC,FANCD2,9606.ENSP00000289081,9606.ENSP00000287647,0,0,0,0,0,0.911,0.9,0,0.99
FANCC,FANCF,9606.ENSP00000289081,9606.ENSP00000330875,0,0,0,0,0,0.998,0.9,0,0.999
FANCC,FANCG,9606.ENSP00000289081,9606.ENSP00000367910,0,0,0,0,0,0.998,0.9,0,0.999
FANCD2,FANCE,9606.ENSP00000287647,9606.ENSP00000229769,0,0,0,0,0,0.971,0.9,0,0.996
FANCD2,FANCF,9606.ENSP00000287647,9606.ENSP00000330875,0,0,0,0,0,0.8,0.9,0,0.979
FANCD2,FANCG,9606.ENSP00000287647,9606.ENSP00000367910,0,0,0,0,0,0.854,0.9,0,0.984
FANCE,FANCF,9606.ENSP00000229769,9606.ENSP00000330875,0,0,0,0,0,0.998,0.9,0,0.999
FANCE,FANCG,9606.ENSP00000229769,9606.ENSP00000367910,0,0,0,0,0,0.955,0.9,0,0.995
FANCF,FANCG,9606.ENSP00000330875,9606.ENSP00000367910,0,0,0,0,0,0.998,0.9,0,0.999
FAS,IGLL5,9606.ENSP00000498466,9606.ENSP00000431254,0,0,0,0,0,0.9,0,0,0.9
FBXW7,NOTCH1,9606.ENSP00000474725,9606.ENSP00000498587,0,0,0,0,0,0.925,0.5,0,0.961
FBXW7,MYC,9606.ENSP00000474725,9606.ENSP00000478887,0,0,0,0,0,0.998,0,0,0.998
FGFR3,PLCG1,9606.ENSP00000339824,9606.ENSP00000244007,0,0,0,0,0,0.178,0.9,0,0.914
FGFR3,KRAS,9606.ENSP00000339824,9606.ENSP00000256078,0,0,0,0,0,0.099,0.9,0,0.906
FGFR3,JAK1,9606.ENSP00000339824,9606.ENSP00000499900,0,0,0,0.604,0,0.074,0.9,0,0.903
FGFR3,JAK2,9606.ENSP00000339824,9606.ENSP00000371067,0,0,0,0.61,0,0.074,0.9,0,0.903
FGFR3,SRC,9606.ENSP00000339824,9606.ENSP00000362680,0,0,0,0.696,0,0.09,0.9,0,0.905
FGFR3,NRAS,9606.ENSP00000339824,9606.ENSP00000358548,0,0,0,0,0,0.099,0.9,0,0.906
FGFR3,HRAS,9606.ENSP00000339824,9606.ENSP00000407586,0,0,0,0,0,0.099,0.9,0,0.906
FLT3,PIK3CB,9606.ENSP00000241453,9606.ENSP00000501150,0,0,0,0,0,0.098,0.9,0,0.905
FLT3,PIK3R1,9606.ENSP00000241453,9606.ENSP00000428056,0,0,0,0,0,0.374,0.9,0,0.934
FLT3,PIK3CA,9606.ENSP00000241453,9606.ENSP00000263967,0,0,0,0,0,0.098,0.9,0,0.905
FLT3,STAT5B,9606.ENSP00000241453,9606.ENSP00000293328,0,0,0,0,0,0.079,0.9,0,0.903
FLT3,STAT3,9606.ENSP00000241453,9606.ENSP00000264657,0,0,0,0,0,0.079,0.9,0,0.903
FOXO1,MAPK1,9606.ENSP00000368880,9606.ENSP00000215832,0,0,0,0,0,0.057,0.9,0,0.901
FOXO1,SMAD2,9606.ENSP00000368880,9606.ENSP00000262160,0,0,0,0,0,0.076,0.9,0,0.903
FOXO1,STAT3,9606.ENSP00000368880,9606.ENSP00000264657,0,0,0,0,0,0,0.9,0,0.9
FOXO1,PRKACA,9606.ENSP00000368880,9606.ENSP00000309591,0,0,0,0,0,0.312,0.9,0,0.928
FOXO1,STK11,9606.ENSP00000368880,9606.ENSP00000324856,0,0,0,0,0,0.071,0.9,0,0.903
FOXO1,SMAD3,9606.ENSP00000368880,9606.ENSP00000332973,0,0,0,0,0,0.317,0.9,0,0.928
FOXO1,FOXO3,9606.ENSP00000368880,9606.ENSP00000339527,0,0,0,0.895,0,0,0.9,0,0.9
FOXO1,FOXO4,9606.ENSP00000368880,9606.ENSP00000363377,0,0,0,0.87,0,0.258,0.9,0,0.922
FOXO1,IKBKB,9606.ENSP00000368880,9606.ENSP00000430684,0,0,0,0,0,0.094,0.9,0,0.905
FOXO3,MAPK1,9606.ENSP00000339527,9606.ENSP00000215832,0,0,0,0,0,0.303,0.9,0,0.927
FOXO3,SMAD2,9606.ENSP00000339527,9606.ENSP00000262160,0,0,0,0,0,0.076,0.9,0,0.903
FOXO3,YWHAE,9606.ENSP00000339527,9606.ENSP00000264335,0,0,0,0,0,0.583,0.9,0,0.956
FOXO3,STAT3,9606.ENSP00000339527,9606.ENSP00000264657,0,0,0,0,0,0,0.9,0,0.9
FOXO3,PRKACA,9606.ENSP00000339527,9606.ENSP00000309591,0,0,0,0,0,0.069,0.9,0,0.902
FOXO3,STK11,9606.ENSP00000339527,9606.ENSP00000324856,0,0,0,0,0,0.071,0.9,0,0.903
FOXO3,SMAD3,9606.ENSP00000339527,9606.ENSP00000332973,0,0,0,0,0,0.634,0.9,0,0.961
FOXO3,FOXO4,9606.ENSP00000339527,9606.ENSP00000363377,0,0,0,0.882,0,0,0.9,0,0.9
FOXO3,IKBKB,9606.ENSP00000339527,9606.ENSP00000430684,0,0,0,0,0,0.694,0.9,0,0.968
FOXO4,MAPK1,9606.ENSP00000363377,9606.ENSP00000215832,0,0,0,0,0,0.057,0.9,0,0.901
FOXO4,STAT3,9606.ENSP00000363377,9606.ENSP00000264657,0,0,0,0,0,0,0.9,0,0.9
FOXO4,STK11,9606.ENSP00000363377,9606.ENSP00000324856,0,0,0,0,0,0.071,0.9,0,0.903
FOXO4,IKBKB,9606.ENSP00000363377,9606.ENSP00000430684,0,0,0,0,0,0.094,0.9,0,0.905
GATA3,TAL1,9606.ENSP00000368632,9606.ENSP00000294339,0,0,0,0,0,0.521,0.8,0,0.9
GNA11,PLCG1,9606.ENSP00000078429,9606.ENSP00000244007,0,0,0,0,0,0,0.9,0,0.9
GNA11,GNAQ,9606.ENSP00000078429,9606.ENSP00000286548,0,0,0,0.985,0,0,0.9,0,0.9
GNAQ,PLCG1,9606.ENSP00000286548,9606.ENSP00000244007,0,0,0,0,0,0,0.9,0,0.9
GNAQ,KRAS,9606.ENSP00000286548,9606.ENSP00000256078,0,0,0,0,0,0,0.9,0,0.9
GNAQ,HRAS,9606.ENSP00000286548,9606.ENSP00000407586,0,0,0,0,0,0.166,0.9,0,0.913
GNAQ,NRAS,9606.ENSP00000286548,9606.ENSP00000358548,0,0,0,0,0,0,0.9,0,0.9
H3-3B,H4C6,9606.ENSP00000254810,9606.ENSP00000244537,0,0,0,0,0,0.988,0.8,0,0.997
H3-3B,H3C12,9606.ENSP00000254810,9606.ENSP00000352252,0,0,0,0.984,0,0.854,0.4,0,0.908
H3-3B,NSD3,9606.ENSP00000254810,9606.ENSP00000313983,0,0,0,0,0,0.911,0,0,0.911
H3-3B,TRIM33,9606.ENSP00000254810,9606.ENSP00000351250,0,0,0,0,0,0.907,0,0,0.907
H3-3B,KAT6B,9606.ENSP00000254810,9606.ENSP00000287239,0,0,0,0,0,0.917,0,0,0.917
H3-3B,SETD2,9606.ENSP00000254810,9606.ENSP00000386759,0,0,0,0,0,0.938,0,0,0.938
H3-3B,KMT2A,9606.ENSP00000254810,9606.ENSP00000436786,0,0,0,0,0,0.934,0.5,0,0.965
H3-3B,KAT6A,9606.ENSP00000254810,9606.ENSP00000265713,0,0,0,0,0,0.917,0,0,0.917
H3-3B,PBRM1,9606.ENSP00000254810,9606.ENSP00000386593,0,0,0,0,0,0.926,0,0,0.926
H3-3B,MLLT3,9606.ENSP00000254810,9606.ENSP00000369695,0,0,0,0,0,0.95,0,0,0.95
H3C12,H4C6,9606.ENSP00000352252,9606.ENSP00000244537,0,0,0,0,0,0.989,0.8,0,0.997
H3C12,MLLT1,9606.ENSP00000352252,9606.ENSP00000252674,0,0,0,0,0,0.917,0,0,0.917
H3C12,KAT6A,9606.ENSP00000352252,9606.ENSP00000265713,0,0,0,0,0,0.917,0.4,0,0.948
H3C12,KAT6B,9606.ENSP00000352252,9606.ENSP00000287239,0,0,0,0,0,0.917,0.4,0,0.948
H3C12,NSD3,9606.ENSP00000352252,9606.ENSP00000313983,0,0,0,0,0,0.911,0.4,0,0.944
H3C12,TRIM24,9606.ENSP00000352252,9606.ENSP00000340507,0,0,0,0,0,0.95,0,0,0.95
H3C12,SMARCB1,9606.ENSP00000352252,9606.ENSP00000340883,0,0,0,0,0,0.888,0.4,0,0.93
H3C12,SMARCA4,9606.ENSP00000352252,9606.ENSP00000343896,0,0,0,0,0,0.927,0.4,0,0.954
H3C12,TRIM33,9606.ENSP00000352252,9606.ENSP00000351250,0,0,0,0,0,0.907,0,0,0.907
H3C12,KMT2A,9606.ENSP00000352252,9606.ENSP00000436786,0,0,0,0,0,0.952,0.5,0,0.975
H3C12,MLLT3,9606.ENSP00000352252,9606.ENSP00000369695,0,0,0,0,0,0.908,0,0,0.908
H3C12,PBRM1,9606.ENSP00000352252,9606.ENSP00000386593,0,0,0,0,0,0.935,0.4,0,0.959
H3C12,SETD2,9606.ENSP00000352252,9606.ENSP00000386759,0,0,0,0,0,0.938,0.75,0,0.984
H4C6,NSD3,9606.ENSP00000244537,9606.ENSP00000313983,0,0,0,0,0,0.908,0,0,0.908
H4C6,SMARCE1,9606.ENSP00000244537,9606.ENSP00000323967,0,0,0,0,0,0.86,0.5,0,0.927
H4C6,MLLT3,9606.ENSP00000244537,9606.ENSP00000369695,0,0,0,0,0,0.905,0,0,0.905
H4C6,SUZ12,9606.ENSP00000244537,9606.ENSP00000316578,0,0,0,0,0,0.9,0.5,0,0.947
H4C6,PBRM1,9606.ENSP00000244537,9606.ENSP00000386593,0,0,0,0,0,0.924,0.5,0,0.96
H4C6,NSD2,9606.ENSP00000244537,9606.ENSP00000372351,0,0,0,0,0,0.908,0.5,0,0.952
H4C6,KMT2C,9606.ENSP00000244537,9606.ENSP00000262189,0,0,0,0,0,0.941,0.5,0,0.969
H4C6,SMARCB1,9606.ENSP00000244537,9606.ENSP00000340883,0,0,0,0,0,0.949,0.5,0,0.973
H4C6,KMT2A,9606.ENSP00000244537,9606.ENSP00000436786,0,0,0,0,0,0.95,0.5,0,0.974
H4C6,SMARCA4,9606.ENSP00000244537,9606.ENSP00000343896,0,0,0,0,0,0.945,0.5,0,0.971
HGF,MET,9606.ENSP00000222390,9606.ENSP00000317272,0,0,0,0,0,0.989,0.9,0,0.998
HIF1A,MAPK1,9606.ENSP00000437955,9606.ENSP00000215832,0,0,0,0,0,0.626,0.9,0,0.961
HIF1A,VHL,9606.ENSP00000437955,9606.ENSP00000256474,0,0,0,0,0,0.999,0.9,0,0.999
HIF1A,STAT3,9606.ENSP00000437955,9606.ENSP00000264657,0,0,0,0,0,0.738,0.75,0,0.931
HIF1A,HSP90AA1,9606.ENSP00000437955,9606.ENSP00000335153,0,0,0,0,0,0.923,0,0,0.923
HIF1A,NOTCH1,9606.ENSP00000437955,9606.ENSP00000498587,0,0,0,0,0,0.292,0.9,0,0.926
HLA-A,IGLL5,9606.ENSP00000379873,9606.ENSP00000431254,0,0,0,0,0,0.918,0,0,0.918
HLA-A,LOC102723407,9606.ENSP00000379873,9606.ENSP00000478289,0,0,0,0,0,0.301,0.9,0,0.927
HRAS,MAPK1,9606.ENSP00000407586,9606.ENSP00000215832,0,0,0,0,0,0.098,0.9,0,0.905
HRAS,KRAS,9606.ENSP00000407586,9606.ENSP00000256078,0,0,0,0.981,0,0.883,0.9,0,0.987
HRAS,PDGFRA,9606.ENSP00000407586,9606.ENSP00000257290,0,0,0,0,0,0.092,0.9,0,0.905
HRAS,PDGFRB,9606.ENSP00000407586,9606.ENSP00000261799,0,0,0,0,0,0.091,0.9,0,0.905
HRAS,MAP2K2,9606.ENSP00000407586,9606.ENSP00000262948,0,0,0,0,0,0.163,0.9,0,0.912
HRAS,PIK3CA,9606.ENSP00000407586,9606.ENSP00000263967,0,0,0,0,0,0.758,0.9,0,0.974
HRAS,KIT,9606.ENSP00000407586,9606.ENSP00000288135,0,0,0,0,0,0.071,0.9,0,0.903
HRAS,MAP2K1,9606.ENSP00000407586,9606.ENSP00000302486,0,0,0,0,0,0.382,0.9,0,0.935
HRAS,MET,9606.ENSP00000407586,9606.ENSP00000317272,0,0,0,0,0,0.368,0.9,0,0.934
HRAS,NF1,9606.ENSP00000407586,9606.ENSP00000351015,0,0,0,0,0,0.789,0.9,0,0.978
HRAS,NRAS,9606.ENSP00000407586,9606.ENSP00000358548,0,0,0,0.981,0,0.33,0.9,0,0.93
HRAS,SRC,9606.ENSP00000407586,9606.ENSP00000362680,0,0,0,0,0,0.496,0.9,0,0.947
HRAS,SYK,9606.ENSP00000407586,9606.ENSP00000364898,0,0,0,0,0,0.11,0.9,0,0.907
HRAS,MAP3K1,9606.ENSP00000407586,9606.ENSP00000382423,0,0,0,0,0,0.183,0.9,0,0.914
HRAS,RAF1,9606.ENSP00000407586,9606.ENSP00000401888,0,0,0,0,0,0.999,0.9,0,0.999
HRAS,PIK3CB,9606.ENSP00000407586,9606.ENSP00000501150,0,0,0,0,0,0.133,0.9,0,0.909
HRAS,PIK3R1,9606.ENSP00000407586,9606.ENSP00000428056,0,0,0,0,0,0.688,0.9,0,0.967
HSP90AA1,TP53,9606.ENSP00000335153,9606.ENSP00000269305,0,0,0,0,0,0.903,0,0,0.903
HSP90AA1,RAF1,9606.ENSP00000335153,9606.ENSP00000401888,0,0,0,0,0,0.941,0,0,0.941
HSP90AA1,HSP90AB1,9606.ENSP00000335153,9606.ENSP00000360609,0,0,0,0.984,0,0.896,0.9,0,0.989
HSP90AA1,MTOR,9606.ENSP00000335153,9606.ENSP00000354558,0,0,0,0,0,0.994,0,0,0.994
HSP90AA1,SRC,9606.ENSP00000335153,9606.ENSP00000362680,0,0,0,0,0,0.799,0.8,0,0.958
HSP90AB1,MTOR,9606.ENSP00000360609,9606.ENSP00000354558,0,0,0,0,0,0.994,0,0,0.994
HSP90AB1,RAF1,9606.ENSP00000360609,9606.ENSP00000401888,0,0,0,0,0,0.973,0,0,0.973
IGLL5,IL2,9606.ENSP00000431254,9606.ENSP00000226730,0,0,0,0,0,0.9,0,0,0.9
IGLL5,LOC102723407,9606.ENSP00000431254,9606.ENSP00000478289,0,0,0,0,0,0.937,0.54,0,0.97
IKBKB,TSC2,9606.ENSP00000430684,9606.ENSP00000219476,0,0,0,0,0,0.046,0.9,0,0.9
IKBKB,NFKBIE,9606.ENSP00000430684,9606.ENSP00000275015,0,0,0,0,0,0.142,0.9,0,0.91
IKBKB,TSC1,9606.ENSP00000430684,9606.ENSP00000298552,0,0,0,0,0,0.362,0.9,0,0.933
IKBKB,PTEN,9606.ENSP00000430684,9606.ENSP00000361021,0,0,0,0,0,0.092,0.9,0,0.905
IKBKB,IRS4,9606.ENSP00000430684,9606.ENSP00000361202,0,0,0,0,0,0.098,0.9,0,0.905
IKBKB,MAP3K1,9606.ENSP00000430684,9606.ENSP00000382423,0,0,0,0.564,0,0.636,0.9,0,0.962
IKBKB,MALT1,9606.ENSP00000430684,9606.ENSP00000497997,0,0,0,0,0,0.314,0.9,0,0.928
IL2,LOC102723407,9606.ENSP00000226730,9606.ENSP00000478289,0,0,0,0,0,0.902,0,0,0.902
IL2,JAK1,9606.ENSP00000226730,9606.ENSP00000499900,0,0,0,0,0,0,0.9,0,0.9
IL2,JAK3,9606.ENSP00000226730,9606.ENSP00000432511,0,0,0,0,0,0,0.9,0,0.9
IL7R,JAK1,9606.ENSP00000306157,9606.ENSP00000499900,0,0,0,0,0,0.095,0.9,0,0.905
IRS4,PIK3CA,9606.ENSP00000361202,9606.ENSP00000263967,0,0,0,0,0,0.648,0.9,0,0.963
IRS4,MTOR,9606.ENSP00000361202,9606.ENSP00000354558,0,0,0,0,0,0.069,0.9,0,0.902
IRS4,SOCS1,9606.ENSP00000361202,9606.ENSP00000496577,0,0,0,0,0,0.051,0.9,0,0.901
IRS4,JAK2,9606.ENSP00000361202,9606.ENSP00000371067,0,0,0,0,0,0.098,0.9,0,0.905
IRS4,PIK3CB,9606.ENSP00000361202,9606.ENSP00000501150,0,0,0,0,0,0.594,0.9,0,0.957
IRS4,PIK3R1,9606.ENSP00000361202,9606.ENSP00000428056,0,0,0,0,0,0.858,0.9,0,0.985
JAK1,PDGFRA,9606.ENSP00000499900,9606.ENSP00000257290,0,0,0,0.562,0,0.074,0.9,0,0.903
JAK1,PDGFRB,9606.ENSP00000499900,9606.ENSP00000261799,0,0,0,0.559,0,0.074,0.9,0,0.903
JAK1,KDR,9606.ENSP00000499900,9606.ENSP00000263923,0,0,0,0.565,0,0.074,0.9,0,0.903
JAK1,PIK3CA,9606.ENSP00000499900,9606.ENSP00000263967,0,0,0,0,0,0.069,0.9,0,0.902
JAK1,STAT3,9606.ENSP00000499900,9606.ENSP00000264657,0,0,0,0,0,0.839,0.9,0,0.983
JAK1,STAT5B,9606.ENSP00000499900,9606.ENSP00000293328,0,0,0,0,0,0.472,0.9,0,0.944
JAK1,STAT6,9606.ENSP00000499900,9606.ENSP00000300134,0,0,0,0,0,0.472,0.9,0,0.944
JAK1,MET,9606.ENSP00000499900,9606.ENSP00000317272,0,0,0,0.571,0,0.071,0.9,0,0.903
JAK1,JAK2,9606.ENSP00000499900,9606.ENSP00000371067,0,0,0,0.908,0,0.51,0.9,0,0.948
JAK1,LIFR,9606.ENSP00000499900,9606.ENSP00000398368,0,0,0,0,0,0,0.9,0,0.9
JAK1,PIK3R1,9606.ENSP00000499900,9606.ENSP00000428056,0,0,0,0,0,0.093,0.9,0,0.905
JAK1,JAK3,9606.ENSP00000499900,9606.ENSP00000432511,0,0,0,0.888,0,0.51,0.9,0,0.948
JAK1,PTPN11,9606.ENSP00000499900,9606.ENSP00000489597,0,0,0,0,0,0.75,0.9,0,0.973
JAK1,SOCS1,9606.ENSP00000499900,9606.ENSP00000496577,0,0,0,0,0,0.624,0.9,0,0.96
JAK1,PIK3CB,9606.ENSP00000499900,9606.ENSP00000501150,0,0,0,0,0,0.069,0.9,0,0.902
JAK2,PLCG1,9606.ENSP00000371067,9606.ENSP00000244007,0,0,0,0,0,0.361,0.9,0,0.933
JAK2,PDGFRA,9606.ENSP00000371067,9606.ENSP00000257290,0,0,0,0.562,0,0.074,0.9,0,0.903
JAK2,PDGFRB,9606.ENSP00000371067,9606.ENSP00000261799,0,0,0,0.558,0,0.074,0.9,0,0.903
JAK2,KDR,9606.ENSP00000371067,9606.ENSP00000263923,0,0,0,0.563,0,0.074,0.9,0,0.903
JAK2,PIK3CA,9606.ENSP00000371067,9606.ENSP00000263967,0,0,0,0,0,0.069,0.9,0,0.902
JAK2,STAT3,9606.ENSP00000371067,9606.ENSP00000264657,0,0,0,0,0,0.885,0.9,0,0.988
JAK2,STAT5B,9606.ENSP00000371067,9606.ENSP00000293328,0,0,0,0,0,0.718,0.9,0,0.97
JAK2,STAT6,9606.ENSP00000371067,9606.ENSP00000300134,0,0,0,0,0,0.285,0.9,0,0.925
JAK2,MET,9606.ENSP00000371067,9606.ENSP00000317272,0,0,0,0.574,0,0.071,0.9,0,0.903
JAK2,PIK3CB,9606.ENSP00000371067,9606.ENSP00000501150,0,0,0,0,0,0.069,0.9,0,0.902
JAK2,JAK3,9606.ENSP00000371067,9606.ENSP00000432511,0,0,0,0.941,0,0.292,0.9,0,0.926
JAK2,LIFR,9606.ENSP00000371067,9606.ENSP00000398368,0,0,0,0,0,0,0.9,0,0.9
JAK2,PIK3R1,9606.ENSP00000371067,9606.ENSP00000428056,0,0,0,0,0,0.671,0.9,0,0.965
JAK2,PTPN11,9606.ENSP00000371067,9606.ENSP00000489597,0,0,0,0,0,0.75,0.9,0,0.973
JAK2,SOCS1,9606.ENSP00000371067,9606.ENSP00000496577,0,0,0,0,0,0.896,0.9,0,0.989
JAK3,PIK3CA,9606.ENSP00000432511,9606.ENSP00000263967,0,0,0,0,0,0.069,0.9,0,0.902
JAK3,STAT3,9606.ENSP00000432511,9606.ENSP00000264657,0,0,0,0,0,0.472,0.9,0,0.944
JAK3,STAT5B,9606.ENSP00000432511,9606.ENSP00000293328,0,0,0,0,0,0.425,0.9,0,0.94
JAK3,STAT6,9606.ENSP00000432511,9606.ENSP00000300134,0,0,0,0,0,0.472,0.9,0,0.944
JAK3,LIFR,9606.ENSP00000432511,9606.ENSP00000398368,0,0,0,0,0,0,0.9,0,0.9
JAK3,PIK3R1,9606.ENSP00000432511,9606.ENSP00000428056,0,0,0,0,0,0.093,0.9,0,0.905
JAK3,PIK3CB,9606.ENSP00000432511,9606.ENSP00000501150,0,0,0,0,0,0.069,0.9,0,0.902
JAK3,PTPN11,9606.ENSP00000432511,9606.ENSP00000489597,0,0,0,0,0,0.097,0.9,0,0.905
JUN,MAPK1,9606.ENSP00000360266,9606.ENSP00000215832,0,0,0,0,0,0.771,0.9,0,0.976
JUN,PRKACA,9606.ENSP00000360266,9606.ENSP00000309591,0,0,0,0,0,0,0.9,0,0.9
JUN,NCOA1,9606.ENSP00000360266,9606.ENSP00000385216,0,0,0,0,0,0.625,0.8,0,0.921
JUN,SRC,9606.ENSP00000360266,9606.ENSP00000362680,0,0,0,0,0,0.085,0.9,0,0.904
JUN,MAFB,9606.ENSP00000360266,9606.ENSP00000362410,0,0,0,0,0,0.132,0.9,0,0.909
JUN,NFATC2,9606.ENSP00000360266,9606.ENSP00000379330,0,0,0,0,0,0.945,0.54,0,0.973
KAT6A,NCOA2,9606.ENSP00000265713,9606.ENSP00000399968,0,0,0,0,0,0.058,0.9,0,0.901
KAT6A,KAT6B,9606.ENSP00000265713,9606.ENSP00000287239,0,0,0,0.937,0,0.233,0.9,0,0.92
KDR,PLCG1,9606.ENSP00000263923,9606.ENSP00000244007,0,0,0,0,0,0.537,0.9,0,0.951
KDR,PIK3CB,9606.ENSP00000263923,9606.ENSP00000501150,0,0,0,0,0,0.098,0.9,0,0.905
KDR,PIK3R1,9606.ENSP00000263923,9606.ENSP00000428056,0,0,0,0,0,0.153,0.9,0,0.911
KDR,PIK3CA,9606.ENSP00000263923,9606.ENSP00000263967,0,0,0,0,0,0.098,0.9,0,0.905
KDR,SRC,9606.ENSP00000263923,9606.ENSP00000362680,0,0,0,0.647,0,0.796,0.9,0,0.978
KIT,KRAS,9606.ENSP00000288135,9606.ENSP00000256078,0,0,0,0,0,0.071,0.9,0,0.903
KIT,PIK3CA,9606.ENSP00000288135,9606.ENSP00000263967,0,0,0,0,0,0.325,0.9,0,0.929
KIT,STAT3,9606.ENSP00000288135,9606.ENSP00000264657,0,0,0,0,0,0.079,0.9,0,0.903
KIT,PIK3CB,9606.ENSP00000288135,9606.ENSP00000501150,0,0,0,0,0,0.087,0.9,0,0.904
KIT,STAT5B,9606.ENSP00000288135,9606.ENSP00000293328,0,0,0,0,0,0.32,0.9,0,0.929
KIT,NRAS,9606.ENSP00000288135,9606.ENSP00000358548,0,0,0,0,0,0.071,0.9,0,0.903
KIT,PTPN11,9606.ENSP00000288135,9606.ENSP00000489597,0,0,0,0,0,0.596,0.9,0,0.957
KIT,PIK3R1,9606.ENSP00000288135,9606.ENSP00000428056,0,0,0,0,0,0.87,0.9,0,0.986
KMT2A,KMT2D,9606.ENSP00000436786,9606.ENSP00000301067,0,0,0,0.548,0,0.335,0.9,0,0.93
KMT2A,MEN1,9606.ENSP00000436786,9606.ENSP00000337088,0,0,0,0,0,0.911,0.8,0,0.981
KMT2A,MYB,9606.ENSP00000436786,9606.ENSP00000339992,0,0,0,0,0,0.856,0.5,0,0.925
KMT2A,MAX,9606.ENSP00000436786,9606.ENSP00000351490,0,0,0,0,0,0,0.9,0,0.9
KMT2A,PSIP1,9606.ENSP00000436786,9606.ENSP00000370114,0,0,0,0,0,0.968,0,0,0.968
KMT2C,KMT2D,9606.ENSP00000262189,9606.ENSP00000301067,0,0,0,0.753,0,0.32,0.9,0,0.929
KMT2D,MEN1,9606.ENSP00000301067,9606.ENSP00000337088,0,0,0,0,0,0.533,0.8,0,0.902
KRAS,MAPK1,9606.ENSP00000256078,9606.ENSP00000215832,0,0,0,0,0,0.495,0.9,0,0.947
KRAS,SYK,9606.ENSP00000256078,9606.ENSP00000364898,0,0,0,0,0,0.11,0.9,0,0.907
KRAS,NRAS,9606.ENSP00000256078,9606.ENSP00000358548,0,0,0,0.981,0,0.422,0.9,0,0.939
KRAS,MAP3K1,9606.ENSP00000256078,9606.ENSP00000382423,0,0,0,0,0,0.183,0.9,0,0.914
KRAS,PDGFRB,9606.ENSP00000256078,9606.ENSP00000261799,0,0,0,0,0,0.091,0.9,0,0.905
KRAS,PIK3R1,9606.ENSP00000256078,9606.ENSP00000428056,0,0,0,0,0,0.102,0.9,0,0.906
KRAS,MAP2K2,9606.ENSP00000256078,9606.ENSP00000262948,0,0,0,0,0,0.163,0.9,0,0.912
KRAS,PIK3CB,9606.ENSP00000256078,9606.ENSP00000501150,0,0,0,0,0,0.216,0.9,0,0.918
KRAS,PDGFRA,9606.ENSP00000256078,9606.ENSP00000257290,0,0,0,0,0,0.092,0.9,0,0.905
KRAS,MET,9606.ENSP00000256078,9606.ENSP00000317272,0,0,0,0,0,0.337,0.9,0,0.93
KRAS,SRC,9606.ENSP00000256078,9606.ENSP00000362680,0,0,0,0,0,0.297,0.9,0,0.926
KRAS,MAP2K1,9606.ENSP00000256078,9606.ENSP00000302486,0,0,0,0,0,0.615,0.9,0,0.959
KRAS,NF1,9606.ENSP00000256078,9606.ENSP00000351015,0,0,0,0,0,0.543,0.9,0,0.952
KRAS,PIK3CA,9606.ENSP00000256078,9606.ENSP00000263967,0,0,0,0,0,0.627,0.9,0,0.961
KRAS,RAF1,9606.ENSP00000256078,9606.ENSP00000401888,0,0,0,0,0,0.947,0.9,0,0.994
LATS2,NF2,9606.ENSP00000372035,9606.ENSP00000344666,0,0,0,0,0,0.98,0,0,0.98
LATS2,WWTR1,9606.ENSP00000372035,9606.ENSP00000419465,0,0,0,0,0,0.653,0.9,0,0.963
LCK,PTPRC,9606.ENSP00000477713,9606.ENSP00000411355,0,0,0,0,0,0.848,0.9,0,0.984
LEF1,SMAD4,9606.ENSP00000265165,9606.ENSP00000341551,0,0,0,0,0,0.335,0.9,0,0.93
LIFR,PIK3CA,9606.ENSP00000398368,9606.ENSP00000263967,0,0,0,0,0,0,0.9,0,0.9
LIFR,PIK3CB,9606.ENSP00000398368,9606.ENSP00000501150,0,0,0,0,0,0,0.9,0,0.9
LIFR,PIK3R1,9606.ENSP00000398368,9606.ENSP00000428056,0,0,0,0,0,0,0.9,0,0.9
LMO2,TCF12,9606.ENSP00000257818,9606.ENSP00000388940,0,0,0,0,0,0.902,0.5,0,0.948
LMO2,TAL1,9606.ENSP00000257818,9606.ENSP00000294339,0,0,0,0,0,0.977,0.5,0,0.988
LOC102723407,PLCG1,9606.ENSP00000478289,9606.ENSP00000244007,0,0,0,0,0,0,0.9,0,0.9
LOC102723407,MET,9606.ENSP00000478289,9606.ENSP00000317272,0,0,0,0,0,0.91,0,0,0.91
LOC102723407,SYK,9606.ENSP00000478289,9606.ENSP00000364898,0,0,0,0,0,0.102,0.9,0,0.906
LZTR1,SPOP,9606.ENSP00000496779,9606.ENSP00000377001,0,0,0,0.593,0,0,0.9,0,0.9
MALT1,MAPK1,9606.ENSP00000497997,9606.ENSP00000215832,0,0,0,0,0,0.099,0.9,0,0.906
MAP2K1,MAPK1,9606.ENSP00000302486,9606.ENSP00000215832,0,0,0,0.595,0,0.929,0.9,0,0.992
MAP2K1,MAP2K2,9606.ENSP00000302486,9606.ENSP00000262948,0,0,0,0.979,0,0.836,0.9,0,0.982
MAP2K1,PRKACA,9606.ENSP00000302486,9606.ENSP00000309591,0,0,0,0.655,0,0.091,0.9,0,0.905
MAP2K1,PPP2R1A,9606.ENSP00000302486,9606.ENSP00000324804,0,0,0,0,0,0,0.9,0,0.9
MAP2K1,NRAS,9606.ENSP00000302486,9606.ENSP00000358548,0,0,0,0,0,0.163,0.9,0,0.912
MAP2K1,MAP3K1,9606.ENSP00000302486,9606.ENSP00000382423,0,0,0,0.641,0,0.754,0.9,0,0.974
MAP2K1,RAF1,9606.ENSP00000302486,9606.ENSP00000401888,0,0,0,0.577,0,0.974,0.9,0,0.997
MAP2K2,MAPK1,9606.ENSP00000262948,9606.ENSP00000215832,0,0,0,0.6,0,0.983,0.9,0,0.998
MAP2K2,PRKACA,9606.ENSP00000262948,9606.ENSP00000309591,0,0,0,0.646,0,0.091,0.9,0,0.905
MAP2K2,PPP2R1A,9606.ENSP00000262948,9606.ENSP00000324804,0,0,0,0,0,0,0.9,0,0.9
MAP2K2,NRAS,9606.ENSP00000262948,9606.ENSP00000358548,0,0,0,0,0,0.163,0.9,0,0.912
MAP2K2,MAP3K1,9606.ENSP00000262948,9606.ENSP00000382423,0,0,0,0.64,0,0.371,0.9,0,0.934
MAP2K2,RAF1,9606.ENSP00000262948,9606.ENSP00000401888,0,0,0,0.575,0,0.925,0.9,0,0.992
MAP2K4,MAP3K1,9606.ENSP00000410402,9606.ENSP00000382423,0,0,0,0.613,0,0.857,0.9,0,0.985
MAP3K1,RRAS2,9606.ENSP00000382423,9606.ENSP00000256196,0,0,0,0,0,0.183,0.9,0,0.914
MAP3K1,NRAS,9606.ENSP00000382423,9606.ENSP00000358548,0,0,0,0,0,0.183,0.9,0,0.914
MAPK1,TBX3,9606.ENSP00000215832,9606.ENSP00000257566,0,0,0,0,0,0.067,0.9,0,0.902
MAPK1,NFATC2,9606.ENSP00000215832,9606.ENSP00000379330,0,0,0,0,0,0,0.9,0,0.9
MAPK1,TSC1,9606.ENSP00000215832,9606.ENSP00000298552,0,0,0,0,0,0.113,0.9,0,0.907
MAPK1,PRKACA,9606.ENSP00000215832,9606.ENSP00000309591,0,0,0,0.61,0,0.098,0.9,0,0.905
MAPK1,PPP2R1A,9606.ENSP00000215832,9606.ENSP00000324804,0,0,0,0,0,0,0.9,0,0.9
MAPK1,MITF,9606.ENSP00000215832,9606.ENSP00000391803,0,0,0,0,0,0.072,0.9,0,0.903
MAPK1,TSC2,9606.ENSP00000215832,9606.ENSP00000219476,0,0,0,0,0,0.292,0.9,0,0.926
MAPK1,PTPN11,9606.ENSP00000215832,9606.ENSP00000489597,0,0,0,0,0,0.145,0.9,0,0.91
MAPK1,NRAS,9606.ENSP00000215832,9606.ENSP00000358548,0,0,0,0,0,0.098,0.9,0,0.905
MAPK1,SMAD3,9606.ENSP00000215832,9606.ENSP00000332973,0,0,0,0,0,0.364,0.9,0,0.933
MAPK1,SMAD2,9606.ENSP00000215832,9606.ENSP00000262160,0,0,0,0,0,0,0.9,0,0.9
MAPK1,RAF1,9606.ENSP00000215832,9606.ENSP00000401888,0,0,0,0.588,0,0.8,0.7,0,0.937
MAPK1,MYC,9606.ENSP00000215832,9606.ENSP00000478887,0,0,0,0,0,0.643,0.9,0,0.962
MAPK1,STAT3,9606.ENSP00000215832,9606.ENSP00000264657,0,0,0,0,0,0.926,0,0,0.926
MAPK1,TP53,9606.ENSP00000215832,9606.ENSP00000269305,0,0,0,0,0,0.806,0.9,0,0.979
MAX,MYC,9606.ENSP00000351490,9606.ENSP00000478887,0,0,0,0.683,0,0.999,0.9,0,0.999
MDM2,RB1,9606.ENSP00000258149,9606.ENSP00000267163,0,0,0,0,0,0.889,0.9,0,0.988
MDM2,MDM4,9606.ENSP00000258149,9606.ENSP00000356150,0,0,0,0.788,0,0.999,0.9,0,0.999
MDM2,TP53,9606.ENSP00000258149,9606.ENSP00000269305,0,0,0,0,0,0.999,0.9,0,0.999
MDM2,RPL5,9606.ENSP00000258149,9606.ENSP00000359345,0,0,0,0,0,0.94,0,0,0.94
MDM4,TP53,9606.ENSP00000356150,9606.ENSP00000269305,0,0,0,0,0,0.999,0.9,0,0.999
MET,PLCG1,9606.ENSP00000317272,9606.ENSP00000244007,0,0,0,0,0,0.152,0.9,0,0.911
MET,PIK3CA,9606.ENSP00000317272,9606.ENSP00000263967,0,0,0,0,0,0.069,0.9,0,0.902
MET,PIK3CB,9606.ENSP00000317272,9606.ENSP00000501150,0,0,0,0,0,0.069,0.9,0,0.902
MET,NRAS,9606.ENSP00000317272,9606.ENSP00000358548,0,0,0,0,0,0.274,0.9,0,0.924
MET,SRC,9606.ENSP00000317272,9606.ENSP00000362680,0,0,0,0.678,0,0.682,0.9,0,0.966
MITF,TFE3,9606.ENSP00000391803,9606.ENSP00000314129,0,0,0,0.918,0,0.832,0.8,0,0.964
MITF,TFEB,9606.ENSP00000391803,9606.ENSP00000351742,0,0,0,0.891,0,0.808,0.8,0,0.959
MLH1,MSH2,9606.ENSP00000231790,9606.ENSP00000233146,0,0,0,0,0,0.923,0.54,0,0.963
MLH1,PMS2,9606.ENSP00000231790,9606.ENSP00000265849,0,0,0,0.619,0,0.997,0.9,0,0.999
MLH1,MSH6,9606.ENSP00000231790,9606.ENSP00000234420,0,0,0,0,0,0.864,0.54,0,0.935
MLLT1,MLLT3,9606.ENSP00000252674,9606.ENSP00000369695,0,0,0,0.932,0,0.832,0.9,0,0.982
MSH2,XPC,9606.ENSP00000233146,9606.ENSP00000285021,0,0,0,0,0,0.079,0.9,0,0.903
MSH2,POLD1,9606.ENSP00000233146,9606.ENSP00000472445,0,0,0,0,0,0.637,0.9,0,0.962
MSH2,PMS2,9606.ENSP00000233146,9606.ENSP00000265849,0,0,0,0,0,0.895,0.54,0,0.949
MSH2,MSH6,9606.ENSP00000233146,9606.ENSP00000234420,0,0,0,0.639,0,0.997,0.9,0,0.999
MSH6,XPC,9606.ENSP00000234420,9606.ENSP00000285021,0,0,0,0,0,0.068,0.9,0,0.902
MSH6,POLD1,9606.ENSP00000234420,9606.ENSP00000472445,0,0,0,0,0,0.528,0.9,0,0.95
MSH6,PMS2,9606.ENSP00000234420,9606.ENSP00000265849,0,0,0,0,0,0.835,0.54,0,0.921
MTCP1,TCL1A,9606.ENSP00000358488,9606.ENSP00000451506,0,0,0,0.879,0,0,0.9,0,0.9
MTOR,PIK3CA,9606.ENSP00000354558,9606.ENSP00000263967,0,0,0,0.548,0,0.166,0.9,0,0.913
MTOR,PPARG,9606.ENSP00000354558,9606.ENSP00000287820,0,0,0,0,0,0,0.9,0,0.9
MTOR,TFEB,9606.ENSP00000354558,9606.ENSP00000351742,0,0,0,0,0,0.901,0,0,0.901
MTOR,PIK3CB,9606.ENSP00000354558,9606.ENSP00000501150,0,0,0,0.549,0,0.166,0.9,0,0.913
MTOR,PIK3R1,9606.ENSP00000354558,9606.ENSP00000428056,0,0,0,0,0,0,0.9,0,0.9
MTOR,RHOA,9606.ENSP00000354558,9606.ENSP00000400175,0,0,0,0,0,0.139,0.9,0,0.91
NBN,RAD50,9606.ENSP00000265433,9606.ENSP00000368100,0,0,0,0,0,0.994,0.9,0,0.999
NCOA1,RARA,9606.ENSP00000385216,9606.ENSP00000254066,0,0,0,0,0,0.989,0,0,0.989
NCOA1,PPARG,9606.ENSP00000385216,9606.ENSP00000287820,0,0,0,0,0,0.992,0.5,0,0.996
NCOA1,STAT6,9606.ENSP00000385216,9606.ENSP00000300134,0,0,0,0,0,0.983,0,0,0.983
NCOA1,PAX3,9606.ENSP00000385216,9606.ENSP00000375921,0,0,0,0,0,0,0.9,0,0.9
NCOA1,NCOA2,9606.ENSP00000385216,9606.ENSP00000399968,0,0,0,0.81,0,0.735,0.9,0,0.972
NCOA2,RARA,9606.ENSP00000399968,9606.ENSP00000254066,0,0,0,0,0,0.98,0,0,0.98
NCOA2,PPARG,9606.ENSP00000399968,9606.ENSP00000287820,0,0,0,0,0,0.965,0.5,0,0.982
NCOA4,RET,9606.ENSP00000463027,9606.ENSP00000347942,0,0,0,0,0,0,0.9,0,0.9
NCOR1,RARA,9606.ENSP00000268712,9606.ENSP00000254066,0,0,0,0,0,0.988,0.5,0,0.994
NCOR1,NCOR2,9606.ENSP00000268712,9606.ENSP00000384018,0,0,0,0.846,0,0.622,0.8,0,0.921
NCOR1,PPARG,9606.ENSP00000268712,9606.ENSP00000287820,0,0,0,0,0,0.984,0.5,0,0.991
NCOR1,TBL1XR1,9606.ENSP00000268712,9606.ENSP00000405574,0,0,0,0,0,0.915,0.5,0,0.956
NCOR2,RARA,9606.ENSP00000384018,9606.ENSP00000254066,0,0,0,0,0,0.856,0.5,0,0.925
NCOR2,PPARG,9606.ENSP00000384018,9606.ENSP00000287820,0,0,0,0,0,0.984,0.5,0,0.991
NCOR2,RUNX1T1,9606.ENSP00000384018,9606.ENSP00000402257,0,0,0,0,0,0.96,0,0,0.96
NF1,RRAS2,9606.ENSP00000351015,9606.ENSP00000256196,0,0,0,0,0,0.32,0.9,0,0.929
NF1,NRAS,9606.ENSP00000351015,9606.ENSP00000358548,0,0,0,0,0,0.568,0.9,0,0.955
NFKB2,REL,9606.ENSP00000358983,9606.ENSP00000295025,0,0,0,0.747,0,0.933,0.54,0,0.967
NFKBIE,REL,9606.ENSP00000275015,9606.ENSP00000295025,0,0,0,0,0,0.898,0.5,0,0.947
NOTCH1,NOTCH2,9606.ENSP00000498587,9606.ENSP00000256646,0,0,0,0.95,0,0.18,0.9,0,0.914
NRAS,PDGFRA,9606.ENSP00000358548,9606.ENSP00000257290,0,0,0,0,0,0.092,0.9,0,0.905
NRAS,PDGFRB,9606.ENSP00000358548,9606.ENSP00000261799,0,0,0,0,0,0.091,0.9,0,0.905
NRAS,PIK3CA,9606.ENSP00000358548,9606.ENSP00000263967,0,0,0,0,0,0.483,0.9,0,0.946
NRAS,SYK,9606.ENSP00000358548,9606.ENSP00000364898,0,0,0,0,0,0.11,0.9,0,0.907
NRAS,PIK3CB,9606.ENSP00000358548,9606.ENSP00000501150,0,0,0,0,0,0.133,0.9,0,0.909
NRAS,PIK3R1,9606.ENSP00000358548,9606.ENSP00000428056,0,0,0,0,0,0.143,0.9,0,0.91
NRAS,SRC,9606.ENSP00000358548,9606.ENSP00000362680,0,0,0,0,0,0.295,0.9,0,0.926
NRAS,RAF1,9606.ENSP00000358548,9606.ENSP00000401888,0,0,0,0,0,0.908,0.9,0,0.99
NTRK1,TFG,9606.ENSP00000431418,9606.ENSP00000240851,0,0,0,0,0,0.115,0.9,0,0.907
NTRK1,PLCG1,9606.ENSP00000431418,9606.ENSP00000244007,0,0,0,0,0,0.83,0.9,0,0.982
NTRK1,PIK3CA,9606.ENSP00000431418,9606.ENSP00000263967,0,0,0,0,0,0.087,0.9,0,0.904
NTRK1,SH2B3,9606.ENSP00000431418,9606.ENSP00000345492,0,0,0,0,0,0.095,0.9,0,0.905
NTRK1,TPR,9606.ENSP00000431418,9606.ENSP00000356448,0,0,0,0,0,0.104,0.9,0,0.906
NTRK1,PIK3R1,9606.ENSP00000431418,9606.ENSP00000428056,0,0,0,0,0,0.453,0.9,0,0.942
NTRK1,PIK3CB,9606.ENSP00000431418,9606.ENSP00000501150,0,0,0,0,0,0.087,0.9,0,0.904
NTRK1,TPM3,9606.ENSP00000431418,9606.ENSP00000498577,0,0,0,0,0,0.06,0.9,0,0.901
NTRK2,PLCG1,9606.ENSP00000277120,9606.ENSP00000244007,0,0,0,0,0,0.709,0.9,0,0.969
NTRK2,SH2B3,9606.ENSP00000277120,9606.ENSP00000345492,0,0,0,0,0,0.091,0.9,0,0.905
NTRK3,PLCG1,9606.ENSP00000354207,9606.ENSP00000244007,0,0,0,0,0,0.371,0.9,0,0.934
NTRK3,SH2B3,9606.ENSP00000354207,9606.ENSP00000345492,0,0,0,0,0,0.091,0.9,0,0.905
NUP98,RANBP2,9606.ENSP00000316032,9606.ENSP00000283195,0,0,0,0,0,0.965,0.9,0,0.996
NUP98,TPR,9606.ENSP00000316032,9606.ENSP00000356448,0,0,0,0,0,0.644,0.9,0,0.962
PAX3,PAX7,9606.ENSP00000375921,9606.ENSP00000364524,0,0,0,0.973,0,0,0.9,0,0.9
PBRM1,SMARCE1,9606.ENSP00000386593,9606.ENSP00000323967,0,0,0,0,0,0.974,0.8,0,0.994
PBRM1,SMARCB1,9606.ENSP00000386593,9606.ENSP00000340883,0,0,0,0,0,0.992,0.72,0,0.997
PBRM1,SMARCA4,9606.ENSP00000386593,9606.ENSP00000343896,0,0,0,0.549,0,0.994,0.72,0,0.998
PBX1,PRKACA,9606.ENSP00000405890,9606.ENSP00000309591,0,0,0,0,0,0,0.9,0,0.9
PDGFB,PDGFRA,9606.ENSP00000330382,9606.ENSP00000257290,0,0,0,0,0,0.833,0.9,0,0.982
PDGFB,PDGFRB,9606.ENSP00000330382,9606.ENSP00000261799,0,0,0,0,0,0.983,0.9,0,0.998
PDGFRA,PLCG1,9606.ENSP00000257290,9606.ENSP00000244007,0,0,0,0,0,0.735,0.9,0,0.972
PDGFRA,SRC,9606.ENSP00000257290,9606.ENSP00000362680,0,0,0,0.669,0,0.091,0.9,0,0.905
PDGFRA,PIK3CB,9606.ENSP00000257290,9606.ENSP00000501150,0,0,0,0,0,0.098,0.9,0,0.905
PDGFRA,PDGFRB,9606.ENSP00000257290,9606.ENSP00000261799,0,0,0,0.914,0,0.734,0.9,0,0.972
PDGFRA,PIK3CA,9606.ENSP00000257290,9606.ENSP00000263967,0,0,0,0,0,0.334,0.9,0,0.93
PDGFRA,PTPN11,9606.ENSP00000257290,9606.ENSP00000489597,0,0,0,0,0,0.607,0.9,0,0.959
PDGFRA,PIK3R1,9606.ENSP00000257290,9606.ENSP00000428056,0,0,0,0,0,0.808,0.9,0,0.98
PDGFRB,PLCG1,9606.ENSP00000261799,9606.ENSP00000244007,0,0,0,0,0,0.986,0.9,0,0.998
PDGFRB,PIK3CB,9606.ENSP00000261799,9606.ENSP00000501150,0,0,0,0,0,0.097,0.9,0,0.905
PDGFRB,PIK3CA,9606.ENSP00000261799,9606.ENSP00000263967,0,0,0,0,0,0.097,0.9,0,0.905
PDGFRB,PTPN11,9606.ENSP00000261799,9606.ENSP00000489597,0,0,0,0,0,0.88,0.9,0,0.987
PDGFRB,PIK3R1,9606.ENSP00000261799,9606.ENSP00000428056,0,0,0,0,0,0.931,0.9,0,0.992
PDGFRB,SRC,9606.ENSP00000261799,9606.ENSP00000362680,0,0,0,0.654,0,0.796,0.9,0,0.978
PIK3CA,PLCG1,9606.ENSP00000263967,9606.ENSP00000244007,0,0,0,0,0,0.51,0.9,0,0.948
PIK3CA,RRAS2,9606.ENSP00000263967,9606.ENSP00000256196,0,0,0,0,0,0.954,0.65,0,0.983
PIK3CA,SYK,9606.ENSP00000263967,9606.ENSP00000364898,0,0,0,0,0,0.069,0.9,0,0.902
PIK3CA,RAF1,9606.ENSP00000263967,9606.ENSP00000401888,0,0,0,0,0,0.069,0.9,0,0.902
PIK3CA,SRC,9606.ENSP00000263967,9606.ENSP00000362680,0,0,0,0,0,0.069,0.9,0,0.902
PIK3CA,PTPN11,9606.ENSP00000263967,9606.ENSP00000489597,0,0,0,0,0,0.661,0.9,0,0.964
PIK3CA,PTEN,9606.ENSP00000263967,9606.ENSP00000361021,0,0,0,0,0,0.134,0.9,0,0.909
PIK3CA,PIK3CB,9606.ENSP00000263967,9606.ENSP00000501150,0,0,0,0.882,0,0,0.9,0,0.9
PIK3CA,PIK3R1,9606.ENSP00000263967,9606.ENSP00000428056,0,0,0,0,0,0.997,0.967,0,0.999
PIK3CB,PLCG1,9606.ENSP00000501150,9606.ENSP00000244007,0,0,0,0,0,0,0.9,0,0.9
PIK3CB,PTEN,9606.ENSP00000501150,9606.ENSP00000361021,0,0,0,0,0,0.134,0.9,0,0.909
PIK3CB,SRC,9606.ENSP00000501150,9606.ENSP00000362680,0,0,0,0,0,0.069,0.9,0,0.902
PIK3CB,SYK,9606.ENSP00000501150,9606.ENSP00000364898,0,0,0,0,0,0.069,0.9,0,0.902
PIK3CB,RAF1,9606.ENSP00000501150,9606.ENSP00000401888,0,0,0,0,0,0.069,0.9,0,0.902
PIK3CB,PIK3R1,9606.ENSP00000501150,9606.ENSP00000428056,0,0,0,0,0,0.936,0.914,0,0.994
PIK3CB,PTPN11,9606.ENSP00000501150,9606.ENSP00000489597,0,0,0,0,0,0.049,0.9,0,0.9
PIK3R1,PLCG1,9606.ENSP00000428056,9606.ENSP00000244007,0,0,0,0.551,0,0.311,0.9,0,0.928
PIK3R1,PTEN,9606.ENSP00000428056,9606.ENSP00000361021,0,0,0,0,0,0.554,0.9,0,0.953
PIK3R1,SRC,9606.ENSP00000428056,9606.ENSP00000362680,0,0,0,0,0,0.88,0.9,0,0.987
PIK3R1,SYK,9606.ENSP00000428056,9606.ENSP00000364898,0,0,0,0,0,0.536,0.9,0,0.951
PIK3R1,RAF1,9606.ENSP00000428056,9606.ENSP00000401888,0,0,0,0,0,0.263,0.9,0,0.923
PIK3R1,PTPN11,9606.ENSP00000428056,9606.ENSP00000489597,0,0,0,0,0,0.88,0.9,0,0.987
PLCG1,PTEN,9606.ENSP00000244007,9606.ENSP00000361021,0,0,0,0,0,0,0.9,0,0.9
PLCG1,SYK,9606.ENSP00000244007,9606.ENSP00000364898,0,0,0,0.561,0,0.948,0.9,0,0.994
PML,RARA,9606.ENSP00000268058,9606.ENSP00000254066,0,0,0,0,0,0.837,0.9,0,0.983
PML,TP53,9606.ENSP00000268058,9606.ENSP00000269305,0,0,0,0,0,0.874,0.5,0,0.934
PML,RUNX1,9606.ENSP00000268058,9606.ENSP00000300305,0,0,0,0,0,0.513,0.9,0,0.949
POLD1,XPC,9606.ENSP00000472445,9606.ENSP00000285021,0,0,0,0,0,0.068,0.9,0,0.902
POLD1,POLE,9606.ENSP00000472445,9606.ENSP00000322570,0,0,0,0,0,0.705,0.9,0,0.969
POU5F1,SALL4,9606.ENSP00000259915,9606.ENSP00000217086,0,0,0,0,0,0.613,0.9,0,0.959
POU5F1,SOX2,9606.ENSP00000259915,9606.ENSP00000323588,0,0,0,0,0,0.983,0.9,0,0.998
PPARG,SMARCE1,9606.ENSP00000287820,9606.ENSP00000323967,0,0,0,0,0,0,0.9,0,0.9
PPARG,SMARCA4,9606.ENSP00000287820,9606.ENSP00000343896,0,0,0,0,0,0.31,0.9,0,0.928
PPP2R1A,STRN,9606.ENSP00000324804,9606.ENSP00000263918,0,0,0,0,0,0.994,0,0,0.994
PPP2R1A,WWTR1,9606.ENSP00000324804,9606.ENSP00000419465,0,0,0,0,0,0,0.9,0,0.9
PPP2R1A,TGFBR2,9606.ENSP00000324804,9606.ENSP00000351905,0,0,0,0,0,0,0.9,0,0.9
PRKACA,SMO,9606.ENSP00000309591,9606.ENSP00000249373,0,0,0,0,0,0.241,0.9,0,0.92
PRKACA,RAF1,9606.ENSP00000309591,9606.ENSP00000401888,0,0,0,0.588,0,0.088,0.9,0,0.904
PRKACA,RHOA,9606.ENSP00000309591,9606.ENSP00000400175,0,0,0,0,0,0.213,0.9,0,0.917
PRKACA,PRKAR1A,9606.ENSP00000309591,9606.ENSP00000376475,0,0,0,0,0,0.953,0.9,0,0.995
PTEN,TP53,9606.ENSP00000361021,9606.ENSP00000269305,0,0,0,0,0,0.748,0.9,0,0.973
PTEN,TRIM27,9606.ENSP00000361021,9606.ENSP00000366404,0,0,0,0,0,0.292,0.9,0,0.926
PTEN,SPOP,9606.ENSP00000361021,9606.ENSP00000377001,0,0,0,0,0,0.972,0,0,0.972
PTPN11,RUNX1,9606.ENSP00000489597,9606.ENSP00000300305,0,0,0,0,0,0,0.9,0,0.9
PTPN11,SRC,9606.ENSP00000489597,9606.ENSP00000362680,0,0,0,0.556,0,0.538,0.8,0,0.903
PTPN11,SYK,9606.ENSP00000489597,9606.ENSP00000364898,0,0,0,0.555,0,0.097,0.9,0,0.905
RAF1,RRAS2,9606.ENSP00000401888,9606.ENSP00000256196,0,0,0,0,0,0.707,0.9,0,0.969
RAF1,YWHAE,9606.ENSP00000401888,9606.ENSP00000264335,0,0,0,0,0,0.891,0.9,0,0.988
RAF1,SRC,9606.ENSP00000401888,9606.ENSP00000362680,0,0,0,0.66,0,0.377,0.9,0,0.935
RAF1,RHOA,9606.ENSP00000401888,9606.ENSP00000400175,0,0,0,0,0,0.11,0.9,0,0.907
RANBP2,TPR,9606.ENSP00000283195,9606.ENSP00000356448,0,0,0,0,0,0.206,0.9,0,0.917
RARA,ZBTB16,9606.ENSP00000254066,9606.ENSP00000338157,0,0,0,0,0,0.311,0.9,0,0.928
RB1,SMARCA4,9606.ENSP00000267163,9606.ENSP00000343896,0,0,0,0,0,0.842,0.72,0,0.953
RHOA,TGFBR2,9606.ENSP00000400175,9606.ENSP00000351905,0,0,0,0,0,0.11,0.9,0,0.907
RHOA,SRC,9606.ENSP00000400175,9606.ENSP00000362680,0,0,0,0,0,0.11,0.9,0,0.907
RPL22,RPL5,9606.ENSP00000346088,9606.ENSP00000359345,0,0,0,0,0,0.994,0,0,0.994
RUNX1,SRC,9606.ENSP00000300305,9606.ENSP00000362680,0,0,0,0,0,0,0.9,0,0.9
RUNX1,RUNX1T1,9606.ENSP00000300305,9606.ENSP00000402257,0,0,0,0,0,0.512,0.9,0,0.949
RUNX1T1,TCF12,9606.ENSP00000402257,9606.ENSP00000388940,0,0,0,0,0,0.96,0,0,0.96
SDHA,SDHD,9606.ENSP00000264932,9606.ENSP00000364699,0,0,0,0,0,0.935,0.979,0,0.998
SDHA,SDHAF2,9606.ENSP00000264932,9606.ENSP00000301761,0,0,0,0,0,0.985,0.29,0,0.989
SDHA,SDHB,9606.ENSP00000264932,9606.ENSP00000364649,0,0,0,0,0,0.997,0.98,0,0.999
SDHA,SDHC,9606.ENSP00000264932,9606.ENSP00000356953,0,0,0,0,0,0.972,0.98,0,0.999
SDHB,SDHC,9606.ENSP00000364649,9606.ENSP00000356953,0,0,0,0,0,0.978,0.98,0,0.999
SDHB,SDHD,9606.ENSP00000364649,9606.ENSP00000364699,0,0,0,0,0,0.97,0.979,0,0.999
SDHC,SDHD,9606.ENSP00000356953,9606.ENSP00000364699,0,0,0,0,0,0.984,0.979,0,0.999
SMAD2,TGFBR2,9606.ENSP00000262160,9606.ENSP00000351905,0,0,0,0,0,0.091,0.9,0,0.905
SMAD2,TRIM33,9606.ENSP00000262160,9606.ENSP00000351250,0,0,0,0,0,0.825,0.7,0,0.945
SMAD2,SMAD3,9606.ENSP00000262160,9606.ENSP00000332973,0,0,0,0.984,0,0.911,0.9,0,0.99
SMAD2,SMAD4,9606.ENSP00000262160,9606.ENSP00000341551,0,0,0,0.827,0,0.999,0.9,0,0.999
SMAD3,TRIM33,9606.ENSP00000332973,9606.ENSP00000351250,0,0,0,0,0,0.838,0.7,0,0.949
SMAD3,TGFBR2,9606.ENSP00000332973,9606.ENSP00000351905,0,0,0,0,0,0.091,0.9,0,0.905
SMAD3,SMAD4,9606.ENSP00000332973,9606.ENSP00000341551,0,0,0,0.864,0,0.999,0.9,0,0.999
SMAD4,TCF7L2,9606.ENSP00000341551,9606.ENSP00000486891,0,0,0,0,0,0.1,0.9,0,0.906
SMAD4,TRIM33,9606.ENSP00000341551,9606.ENSP00000351250,0,0,0,0,0,0.841,0.5,0,0.917
SMAD4,TGFBR2,9606.ENSP00000341551,9606.ENSP00000351905,0,0,0,0,0,0.091,0.9,0,0.905
SMARCA4,VHL,9606.ENSP00000343896,9606.ENSP00000256474,0,0,0,0,0,0.9,0,0,0.9
SMARCA4,SMARCE1,9606.ENSP00000343896,9606.ENSP00000323967,0,0,0,0,0,0.999,0.9,0,0.999
SMARCA4,SMARCB1,9606.ENSP00000343896,9606.ENSP00000340883,0,0,0,0,0,0.999,0.9,0,0.999
SMARCA4,SS18,9606.ENSP00000343896,9606.ENSP00000414516,0,0,0,0,0,0.914,0.9,0,0.991
SMARCB1,SMARCE1,9606.ENSP00000340883,9606.ENSP00000323967,0,0,0,0,0,0.984,0.9,0,0.998
SMARCB1,SS18,9606.ENSP00000340883,9606.ENSP00000414516,0,0,0,0,0,0.921,0.9,0,0.991
SMARCE1,SS18,9606.ENSP00000323967,9606.ENSP00000414516,0,0,0,0,0,0.994,0.9,0,0.999
SMO,SUFU,9606.ENSP00000249373,9606.ENSP00000358918,0,0,0,0,0,0,0.9,0,0.9
SPOP,SUFU,9606.ENSP00000377001,9606.ENSP00000358918,0,0,0,0,0,0,0.9,0,0.9
SRC,STAT3,9606.ENSP00000362680,9606.ENSP00000264657,0,0,0,0,0,0.841,0.9,0,0.983
SRC,SYK,9606.ENSP00000362680,9606.ENSP00000364898,0,0,0,0.722,0,0.65,0.9,0,0.963
STAT3,STAT5B,9606.ENSP00000264657,9606.ENSP00000293328,0,0,0,0.742,0,0.387,0.9,0,0.936
TAL1,TCF3,9606.ENSP00000294339,9606.ENSP00000262965,0,0,0,0,0,0.86,0.5,0,0.927
TAL1,TCF12,9606.ENSP00000294339,9606.ENSP00000388940,0,0,0,0,0,0.983,0.5,0,0.991
TCF7L2,TERT,9606.ENSP00000486891,9606.ENSP00000309572,0,0,0,0,0,0,0.9,0,0.9
TFE3,TFEB,9606.ENSP00000314129,9606.ENSP00000351742,0,0,0,0.882,0,0.831,0.8,0,0.964
TFG,TPR,9606.ENSP00000240851,9606.ENSP00000356448,0,0,0,0,0,0.096,0.9,0,0.905
TFG,TPM3,9606.ENSP00000240851,9606.ENSP00000498577,0,0,0,0,0,0.077,0.9,0,0.903
TP53,TP63,9606.ENSP00000269305,9606.ENSP00000264731,0,0,0,0.874,0,0.819,0.7,0,0.943
TPM3,TPR,9606.ENSP00000498577,9606.ENSP00000356448,0,0,0,0,0,0,0.9,0,0.9
TPM3,TPM4,9606.ENSP00000498577,9606.ENSP00000494125,0,0,0,0.978,0,0.705,0.72,0,0.913
TSC1,TSC2,9606.ENSP00000298552,9606.ENSP00000219476,0,0,0,0,0,0.997,0.9,0,0.999
WWTR1,YWHAE,9606.ENSP00000419465,9606.ENSP00000264335,0,0,0,0,0,0.83,0.9,0,0.982
